"","Gene","logFC","AveExpr","t","pval","padj","B","ensembl_gene_id","ensembl_peptide_id","UniProt_ID","length","mean_score","disordered_residues","disorder_percentage","Biological Process","Molecular Function","Cellular Component","KEGG","Reactome","STRING_ID","Nodes","Edges","Degree","Clustering_coefficient"
"1","FAM204A",-0.705314432700876,1.08505563214266,-6.2162886168583,9.54692825674879e-07,0.00964261842937612,5.45604085729277,"ENSG00000165669","ENSP00000358183","Q9H8W3",233,0.715212931034483,176,75.8620689655172,NA,NA,NA,NA,NA,"9606.ENSP00000358183",114,461,113,0.0549936788874842
"2","ITM2C",-2.07490783453526,3.58807198246255,-6.06102652815293,1.45283842559869e-06,0.00964261842937612,5.08825537661872,"ENSG00000135916","ENSP00000322730","Q9NQX7",267,0.368629323308271,79,29.6992481203008,"negative regulation of cell projection organization; glycoprotein biosynthetic process; negative regulation of amyloid precursor protein biosynthetic process; negative regulation of neuron projection development; negative regulation of glycoprotein biosynthetic process; amyloid precursor protein biosynthetic process; regulation of amyloid precursor protein biosynthetic process; negative regulation of glycoprotein metabolic process; glycoprotein metabolic process; regulation of neuron projection development; positive regulation of extrinsic apoptotic signaling pathway; regulation of glycoprotein biosynthetic process; regulation of glycoprotein metabolic process",NA,NA,NA,NA,"9606.ENSP00000322730",185,1233,184,0.0623069612734616
"3","SGPL1",-1.18900708937988,1.58405578951644,-6.04650312974622,1.51118445295529e-06,0.00964261842937612,5.05371568732886,"ENSG00000166224","ENSP00000513482","O95470",568,0.167903703703704,50,8.81834215167548,"fibroblast migration; lipid catabolic process; cellular lipid catabolic process; Leydig cell differentiation; luteinization; rhythmic process; kidney development; renal system development; multicellular organism growth; sphingolipid metabolic process; androgen metabolic process; face morphogenesis; sphingolipid catabolic process; head morphogenesis; membrane lipid catabolic process; estrogen metabolic process; membrane lipid metabolic process; body morphogenesis; ovulation cycle process; face development; hormone metabolic process; platelet-derived growth factor receptor signaling pathway; ameboidal-type cell migration; regulation of multicellular organism growth","lyase activity; carbon-carbon lyase activity; pyridoxal phosphate binding; vitamin B6 binding",NA,"Sphingolipid metabolism",NA,"9606.ENSP00000362298",617,22554,616,0.115816703621582
"4","RGS3",-1.14869202256315,0.776157620178449,-5.82397333548659,2.7679688611075e-06,0.00964261842937612,4.5217769699702,"ENSG00000138835","ENSP00000363255","P49796",1198,0.50970208855472,547,45.6975772765246,NA,"GTPase activity; GTPase activator activity",NA,"Axon guidance",NA,"9606.ENSP00000363255",352,7917,351,0.123174603174603
"5","ARL3",-0.870483301650442,1.30376632024852,-5.76294688735294,3.26960486696694e-06,0.00964261842937612,4.3750628600768,"ENSG00000138175","ENSP00000260746","P36405",182,0.116029281767956,2,1.10497237569061,"protein localization to ciliary membrane; protein localization to cilium; cytokinesis; mitotic cytokinesis; protein localization to cell periphery; cytoskeleton-dependent cytokinesis; vesicle-mediated transport to the plasma membrane; cilium assembly; cilium organization; small GTPase mediated signal transduction; kidney development; renal system development; transport along microtubule; cytoskeleton-dependent intracellular transport; microtubule-based transport; intraciliary transport; photoreceptor cell development; Golgi to plasma membrane transport; photoreceptor cell differentiation","GTPase activity; GTP binding; guanyl nucleotide binding; guanyl ribonucleotide binding; GDP binding","midbody; spindle; photoreceptor connecting cilium",NA,"Cargo trafficking to the periciliary membrane","9606.ENSP00000260746",626,26748,625,0.133964102564103
"6","XPNPEP1",-0.978483531873599,1.40839448160008,-5.71314855231898,3.74621897804249e-06,0.00964261842937612,4.25509681960129,"ENSG00000108039","ENSP00000421566","Q9NQW7",623,0.0904414790996785,0,0,"peptide catabolic process","metalloaminopeptidase activity; metallopeptidase activity; aminopeptidase activity; manganese ion binding; metalloexopeptidase activity",NA,NA,NA,"9606.ENSP00000421566",469,17904,468,0.159556360841157
"7","SEPTIN6",-1.11162275702513,0.643389732043847,-5.67567594968901,4.1505364132376e-06,0.00964261842937612,4.16468430991242,"ENSG00000125354","ENSP00000353278","Q14141",434,0.302226096997691,125,28.8683602771363,"cytokinesis; mitotic cytokinesis; cytoskeleton-dependent cytokinesis; cilium assembly; cilium organization","GTPase activity; GTP binding; guanyl nucleotide binding; guanyl ribonucleotide binding","midbody; spindle; cleavage furrow; cell division site; septin ring; septin complex; septin cytoskeleton; chromosome, centromeric region","Shigellosis; Bacterial invasion of epithelial cells",NA,"9606.ENSP00000341524",236,3322,235,0.11227495908347
"8","MPST",-0.683307262465585,1.24957825346336,-5.62193879813462,4.80831040991088e-06,0.00968753136053498,4.03482867943654,"ENSG00000128309","ENSP00000384812","P25325",297,0.192377027027027,24,8.10810810810811,"response to toxic substance; sulfur amino acid catabolic process; cysteine metabolic process; homocysteine metabolic process; amino acid metabolic process; kidney development; renal system development; sulfur amino acid metabolic process; sulfur compound catabolic process; serine family amino acid metabolic process; alpha-amino acid metabolic process; organic acid catabolic process; carboxylic acid catabolic process","sulfurtransferase activity; transferase activity, transferring sulphur-containing groups","mitochondrial matrix","Sulfur metabolism",NA,"9606.ENSP00000411719",284,11792,283,0.288424429240909
"9","KLHDC8B",-0.782087552077221,0.708078262575737,-5.60069050297106,5.0965060483947e-06,0.00968753136053498,3.98341933193335,"ENSG00000185909","ENSP00000327468","Q8IXV7",354,0.0911127478753541,0,0,"cytokinesis; mitotic cytokinesis; cytoskeleton-dependent cytokinesis; mitotic nuclear division; nuclear chromosome segregation; chromosome segregation; nuclear division; organelle fission; mitotic cytokinetic process; cytokinetic process",NA,"midbody",NA,NA,"9606.ENSP00000327468",152,1019,151,0.076644591611479
"10","TUSC3",-1.10115272022703,0.431099340743887,-5.52726260505226,6.23312547167374e-06,0.010025263114402,3.8055027382415,"ENSG00000104723","ENSP00000371450","Q13454",348,0.266934870317003,60,17.2910662824208,"magnesium ion transmembrane transport; glycoprotein biosynthetic process; magnesium ion transport; protein N-linked glycosylation via asparagine; glycoprotein metabolic process; protein glycosylation; macromolecule glycosylation; glycosylation","magnesium ion transmembrane transporter activity","oligosaccharyltransferase complex","Protein processing in endoplasmic reticulum",NA,"9606.ENSP00000424544",278,4744,277,0.116857636163868
"11","ZNF37BP",-0.723342406713269,1.0342835853927,-5.46653407058456,7.36370635565349e-06,0.0109976954421685,3.65806832585172,NA,NA,NA,NA,NA,NA,NA,NA,NA,NA,NA,NA,NA,NA,NA,NA,NA
"12","CACNB2",-0.904239747986742,0.630879427664268,-5.37309268606919,9.51927466372372e-06,0.0117877042047961,3.43075118955904,"ENSG00000165995","ENSP00000320025","Q08289",660,0.629818512898331,420,63.7329286798179,"protein localization to cell periphery; positive regulation of calcium ion transmembrane transporter activity; regulation of cation channel activity; calcium ion import; positive regulation of cation channel activity; intracellular calcium ion homeostasis; calcium ion homeostasis; calcium ion transmembrane transport; regulation of calcium ion transmembrane transporter activity; positive regulation of transmembrane transport; positive regulation of calcium ion transmembrane transport; positive regulation of ion transmembrane transporter activity; regulation of monoatomic ion transmembrane transporter activity; positive regulation of transporter activity; regulation of transmembrane transporter activity; heart contraction; AV node cell action potential; AV node cell to bundle of His cell signaling; regulation of high voltage-gated calcium channel activity; heart process; calcium ion transport; AV node cell to bundle of His cell communication; regulation of transporter activity; regulation of presynaptic cytosolic calcium ion concentration; positive regulation of calcium ion transport; protein localization to plasma membrane; regulation of calcium ion transmembrane transport via high voltage-gated calcium channel; calcium ion transmembrane transport via high voltage-gated calcium channel; atrial cardiac muscle cell action potential; atrial cardiac muscle cell to AV node cell signaling; atrial cardiac muscle cell to AV node cell communication; regulation of monoatomic cation transmembrane transport; cardiac muscle contraction; positive regulation of cation transmembrane transport; membrane depolarization during cardiac muscle cell action potential; positive regulation of monoatomic ion transmembrane transport; membrane depolarization during action potential; regulation of calcium ion transmembrane transport; cell-cell signaling involved in cardiac conduction; striated muscle contraction; regulation of voltage-gated calcium channel activity; regulation of metal ion transport; regulation of heart rate by cardiac conduction; regulation of heart contraction; positive regulation of monoatomic ion transport; muscle system process; regulation of monoatomic ion transmembrane transport; neuromuscular junction development; cardiac muscle cell action potential involved in contraction; synapse organization; cell communication involved in cardiac conduction; regulation of calcium ion transport; regulation of cytosolic calcium ion concentration; regulation of blood circulation; neuron cellular homeostasis","actin binding; high voltage-gated calcium channel activity; actin filament binding; voltage-gated calcium channel activity","calcium channel complex; photoreceptor ribbon synapse; L-type voltage-gated calcium channel complex; ribbon synapse; sarcolemma; transmembrane transporter complex; cation channel complex; transporter complex; T-tubule; voltage-gated calcium channel complex","Arrhythmogenic right ventricular cardiomyopathy; Hypertrophic cardiomyopathy; Dilated cardiomyopathy",NA,"9606.ENSP00000320025",430,18194,429,0.193505871075965
"13","METRN",-0.972535837230354,1.116146618609,-5.37291261459976,9.52398872833958e-06,0.0117877042047961,3.43031262077504,"ENSG00000103260","ENSP00000455068","Q9UJH8",293,0.215544520547945,37,12.6712328767123,"radial glial cell differentiation; regulation of neuron projection development; positive regulation of neurogenesis",NA,NA,NA,NA,"9606.ENSP00000455068",168,2327,167,0.155832912488276
"14","LINC00839",-1.05610882604164,0.559396447059368,-5.37062965407168,9.58395769675902e-06,0.0117877042047961,3.42475225037833,NA,NA,NA,NA,NA,NA,NA,NA,NA,NA,NA,NA,NA,NA,NA,NA,NA
"15","MORF4L1",-1.05331389146937,4.81216169852012,-5.32552383218911,1.08275118126315e-05,0.0125773580272396,3.31654730560086,"ENSG00000185787","ENSP00000331310","Q9UBU8",362,0.359713296398892,92,25.4847645429363,"histone H4 acetylation; positive regulation of double-strand break repair via homologous recombination; histone acetylation; internal peptidyl-lysine acetylation; internal protein amino acid acetylation; peptidyl-lysine acetylation",NA,"Sin3 complex; Sin3-type complex; NuA4 histone acetyltransferase complex; H4/H2A histone acetyltransferase complex; nuclear speck; H4 histone acetyltransferase complex; nuclear chromosome",NA,NA,"9606.ENSP00000331310",782,66798,781,0.216740536458846
"16","EXOSC1",-0.739298084113107,0.768032444620795,-5.26579228640026,1.27879342243263e-05,0.012838089719165,3.16910944089675,"ENSG00000171311","ENSP00000359939","Q9Y3B2",195,0.161237628865979,9,4.63917525773196,NA,NA,"nucleolar exosome (RNase complex); nuclear exosome (RNase complex); cytoplasmic exosome (RNase complex); exosome (RNase complex); exoribonuclease complex",NA,NA,"9606.ENSP00000359939",686,65990,685,0.27875955094549
"17","PSAP",-1.27872048159888,5.42209150221937,-5.24589262807357,1.35079618260859e-05,0.012838089719165,3.12052308533686,"ENSG00000197746","ENSP00000378394","P07602",524,0.15653690248566,23,4.39770554493308,"prostate gland growth; epithelial cell differentiation involved in prostate gland development; ceramide transport; sphingolipid metabolic process; membrane lipid metabolic process; prostate gland development; urogenital system development","glycosphingolipid binding; ceramide binding; protease binding; sphingolipid binding; glycolipid binding; scaffold protein binding","primary lysosome; azurophil granule; vacuolar lumen; azurophil granule membrane","Sphingolipid metabolism",NA,"9606.ENSP00000378394",436,17214,435,0.177753058954394
"18","PDLIM4",-2.0602597973105,1.33295618224027,-5.1992622942922,1.53585197405008e-05,0.013962229967571,3.00660355005279,"ENSG00000131435","ENSP00000253754","P50479",330,0.63771367781155,200,60.790273556231,"excitatory chemical synaptic transmission","actin binding; muscle alpha-actinin binding; alpha-actinin binding; actinin binding","Z disc; I band; dendritic spine; neuron spine; stress fiber; contractile actin filament bundle; recycling endosome; actomyosin; actin filament bundle; sarcomere; myofibril; early endosome; contractile fiber; actin filament; filamentous actin; early endosome membrane; endosome lumen; lamellipodium; cell leading edge","Cytoskeleton in muscle cells",NA,"9606.ENSP00000253754",226,3175,225,0.117063492063492
"19","DNAJB12",-0.6318301107919,0.842380226141964,-5.1523227149112,1.74781695391095e-05,0.0143694125369855,2.89183993738071,"ENSG00000148719","ENSP00000403313","Q9NXW2",375,0.356786096256685,106,28.3422459893048,"cellular response to misfolded protein; response to misfolded protein; chaperone cofactor-dependent protein refolding; 'de novo' post-translational protein folding; 'de novo' protein folding","heat shock protein binding; Hsp70 protein binding",NA,"Protein processing in endoplasmic reticulum",NA,"9606.ENSP00000345575",596,51705,595,0.289222759810995
"20","TM9SF3",-0.680155027767111,0.838795353052609,-5.13672173098129,1.82456842748344e-05,0.0143694125369855,2.85367887918235,"ENSG00000077147","ENSP00000360184","Q9HD45",589,0.156943027210884,31,5.27210884353742,NA,NA,NA,NA,NA,"9606.ENSP00000360184",205,2073,204,0.09026369168357
"21","CHCHD1",-0.689524730600148,0.868850038543394,-4.90281686158296,3.47587818547522e-05,0.0229492396160556,2.28077147378172,"ENSG00000172586","ENSP00000361923","Q96BP2",118,0.524668376068376,45,38.4615384615385,"mitochondrial translation; mitochondrial gene expression",NA,"mitochondrial matrix; mitochondrial inner membrane; mitochondrial protein-containing complex; ribosomal subunit; small ribosomal subunit; organellar ribosome; mitochondrial ribosome; ribosome; organellar small ribosomal subunit; mitochondrial small ribosomal subunit","Ribosome",NA,"9606.ENSP00000361923",564,43562,563,0.27179636290083
"22","MICU1",-0.787158889356472,1.25457105312168,-4.89699354399534,3.53209459370794e-05,0.0229492396160556,2.26649675730992,"ENSG00000107745","ENSP00000354415","Q9BPX6",476,0.289826526315789,106,22.3157894736842,"calcium ion import; intracellular calcium ion homeostasis; calcium ion homeostasis; calcium ion transmembrane transport; hyperosmotic salinity response; positive regulation of mitochondrial calcium ion concentration; calcium ion transport; calcium import into the mitochondrion; regulation of cellular response to osmotic stress; cellular response to salt stress; regulation of response to osmotic stress; mitochondrial calcium ion transmembrane transport; cellular hyperosmotic response; response to salt stress; mitochondrial calcium ion homeostasis; hyperosmotic response; cellular response to osmotic stress; mitochondrial transmembrane transport; protein complex oligomerization","protein heterodimerization activity","mitochondrial inner membrane; mitochondrial protein-containing complex; calcium channel complex; inner mitochondrial membrane protein complex; transmembrane transporter complex; cation channel complex; transporter complex",NA,"Processing of SMDT1; Mitochondrial calcium ion transport","9606.ENSP00000493232",283,8255,282,0.201231670073951
"23","RNF32-DT",-0.561644369116973,0.342997343901064,-4.82989776154397,4.2491389271932e-05,0.0240122286023467,2.10201330807836,NA,NA,NA,NA,NA,NA,NA,NA,NA,NA,NA,NA,NA,NA,NA,NA,NA
"24","PLCB4",-0.717967316686057,0.347889486068277,-4.79795674800292,4.6398248801709e-05,0.0255300258998667,2.0237102030327,"ENSG00000101333","ENSP00000367762","Q15147",1175,0.291207666098807,371,31.6013628620102,"phosphatidylinositol-mediated signaling; intracellular calcium ion homeostasis; calcium ion homeostasis; lipid catabolic process; calcium ion transmembrane transport; calcium ion transport; release of sequestered calcium ion into cytosol; negative regulation of sequestering of calcium ion; regulation of sequestering of calcium ion; sequestering of calcium ion; calcium ion transmembrane import into cytosol; maintenance of location in cell","phosphatidylinositol phospholipase C activity; phospholipase C activity",NA,"Shigellosis; Platelet activation; Inositol phosphate metabolism; Rap1 signaling pathway; GnRH signaling pathway; Phosphatidylinositol signaling system; AGE-RAGE signaling pathway in diabetic complications",NA,"9606.ENSP00000367762",382,12608,381,0.168904544826634
"25","CDC42",-0.934684669672799,3.85515845099611,-4.75083420256698,5.27782863272729e-05,0.0270914475726177,1.90891868755179,"ENSG00000070831","ENSP00000383118","P60953",191,0.127467894736842,5,2.63157894736842,"cytokinesis; mitotic nuclear division; Wnt signaling pathway, planar cell polarity pathway; regulation of establishment of planar polarity; nuclear chromosome segregation; cardiocyte differentiation; non-canonical Wnt signaling pathway; establishment of planar polarity; establishment of tissue polarity; lamellipodium assembly; lamellipodium organization; morphogenesis of a polarized epithelium; cardiac neural crest cell migration involved in outflow tract morphogenesis; neuron fate determination; epithelial cell proliferation involved in lung morphogenesis; chromosome segregation; heart contraction; cardiac muscle tissue development; endothelin receptor signaling pathway; nuclear division; heart process; regulation of pinocytosis; cardiac neural crest cell development involved in outflow tract morphogenesis; striated muscle tissue development; regulation of pseudopodium assembly; positive regulation of pseudopodium assembly; integrin-mediated signaling pathway; Golgi localization; cardiac neural crest cell differentiation involved in heart development; cardiac neural crest cell development involved in heart development; pseudopodium assembly; organelle fission; small GTPase mediated signal transduction; pseudopodium organization; Cdc42 protein signal transduction; establishment of epithelial cell apical/basal polarity; regulation of animal organ morphogenesis; G protein-coupled receptor signaling pathway involved in heart process; Rho protein signal transduction; dendrite morphogenesis; pinocytosis; regulation of attachment of spindle microtubules to kinetochore; cell migration involved in heart development; establishment of apical/basal cell polarity; establishment of monopolar cell polarity; nuclear migration; polarized epithelial cell differentiation; establishment or maintenance of monopolar cell polarity; establishment of cell polarity; positive regulation of lamellipodium assembly; modification of synaptic structure; transport along microtubule; positive regulation of filopodium assembly; dendritic cell migration; nucleus localization; establishment of epithelial cell polarity; positive regulation of lamellipodium organization; cardiac conduction system development; regulation of protein-containing complex assembly; regulation of plasma membrane bounded cell projection assembly; regulation of lamellipodium assembly; regulation of cell projection assembly; cell fate determination; positive regulation of substrate adhesion-dependent cell spreading; actomyosin structure organization; muscle tissue development; substantia nigra development; lung epithelium development; cytoskeleton-dependent intracellular transport; microtubule-based transport; positive regulation of cytokinesis; phagocytosis, engulfment; attachment of spindle microtubules to kinetochore; establishment or maintenance of cell polarity; modulation by host of viral process; regulation of filopodium assembly; positive regulation of stress fiber assembly; dendrite development; establishment of organelle localization; establishment or maintenance of epithelial cell apical/basal polarity; regulation of lamellipodium organization; phagocytosis; lung morphogenesis; dendritic spine morphogenesis; regulation of synapse organization; synapse organization; stem cell differentiation; adherens junction organization; establishment or maintenance of apical/basal cell polarity; establishment or maintenance of bipolar cell polarity; plasma membrane invagination; regulation of synapse structure or activity; neural crest cell migration; ameboidal-type cell migration; positive regulation of actin filament bundle assembly; mesenchymal cell migration; regulation of substrate adhesion-dependent cell spreading; macrophage differentiation; heart morphogenesis; membrane invagination; neural nucleus development; regulation of actin filament organization","GTPase activity; GTP binding; guanyl nucleotide binding; guanyl ribonucleotide binding; thioesterase binding; GTP-dependent protein binding; G protein activity","focal adhesion; cell-substrate junction; midbody; spindle; dendritic spine; neuron spine; mitotic spindle; filopodium; leading edge membrane; spindle midzone; cell leading edge; actin-based cell projection; vesicle tethering complex; cytoplasmic ribonucleoprotein granule; ribonucleoprotein granule","Shigellosis; Bacterial invasion of epithelial cells; Axon guidance; Leukocyte transendothelial migration; Tight junction; Focal adhesion; Rap1 signaling pathway; Adherens junction; GnRH signaling pathway; Regulation of actin cytoskeleton; AGE-RAGE signaling pathway in diabetic complications","RHOG GTPase cycle; RHO GTPases activate PAKs; RAC2 GTPase cycle; RAC3 GTPase cycle; Gene and protein expression by JAK-STAT signaling after Interleukin-12 stimulation; Interleukin-12 signaling","9606.ENSP00000497733",1001,102463,1000,0.203129129129129
"26","ITGB1",-1.35506001541098,2.11373314372457,-4.74327424974907,5.39359008209847e-05,0.0270914475726177,1.88967077458885,"ENSG00000150093","ENSP00000502882","P05556",798,0.299317942283563,137,17.189460476788,"protein localization to cell periphery; regulation of cation channel activity; fibroblast migration; microtubule cytoskeleton organization involved in mitosis; cardiocyte differentiation; lamellipodium assembly; positive regulation of transmembrane transport; regulation of monoatomic ion transmembrane transporter activity; lamellipodium organization; amino acid neurotransmitter reuptake; regulation of transmembrane transporter activity; cardiac muscle tissue development; cardiac muscle cell myoblast differentiation; striated muscle tissue development; integrin-mediated signaling pathway; regulation of transporter activity; spontaneous synaptic transmission; synapse pruning; positive regulation of fibroblast migration; regulation of amino acid import across plasma membrane; CD40 signaling pathway; cardiac cell fate commitment; regulation of amino acid transmembrane transport; small GTPase mediated signal transduction; protein localization to plasma membrane; cell migration in hindbrain; cell-cell adhesion mediated by integrin; L-glutamate import across plasma membrane; cardioblast differentiation; negative regulation of anoikis; cardiac muscle cell differentiation; regulation of neurotransmitter uptake; Rho protein signal transduction; regulation of monoatomic cation transmembrane transport; dendrite morphogenesis; negative regulation of Rho protein signal transduction; wound healing, spreading of epidermal cells; positive regulation of neurotransmitter transport; positive regulation of amino acid transport; regulation of anoikis; establishment of cell polarity; cell junction disassembly; L-glutamate transmembrane transport; regulation of response to wounding; positive regulation of signaling receptor activity; anoikis; mesodermal cell differentiation; leukocyte tethering or rolling; establishment of mitotic spindle orientation; neurotransmitter reuptake; regulation of metal ion transport; basement membrane organization; positive regulation of neuroblast proliferation; wound healing, spreading of cells; epiboly involved in wound healing; muscle cell development; maintenance of blood-brain barrier; cellular response to low-density lipoprotein particle stimulus; epiboly; non-membrane-bounded organelle assembly; regulation of fibroblast migration; L-glutamate import; response to lipoprotein particle; establishment of mitotic spindle localization; positive regulation of amine transport; wound healing; establishment of spindle orientation; cellular response to lipoprotein particle stimulus; actomyosin structure organization; regulation of collagen metabolic process; regulation of amino acid transport; muscle tissue development; neurotransmitter uptake; collagen catabolic process; sarcomere organization; positive regulation of organic acid transport; visual learning; negative regulation of Ras protein signal transduction; regulation of monoatomic ion transmembrane transport; myoblast fusion; establishment or maintenance of cell polarity; amino acid import across plasma membrane; dendrite development; cellular defense response; establishment of organelle localization; regulation of neuroblast proliferation; phagocytosis; negative regulation of small GTPase mediated signal transduction; positive regulation of neurogenesis; visual behavior; regulation of synapse organization; synapse organization; stem cell differentiation; establishment of spindle localization; regulation of potassium ion transmembrane transporter activity; regulation of phosphatidylinositol 3-kinase/protein kinase B signal transduction; leukocyte adhesion to vascular endothelial cell; regulation of synapse structure or activity; morphogenesis of an epithelial sheet; ameboidal-type cell migration; heterotypic cell-cell adhesion; positive regulation of protein localization to plasma membrane; receptor-mediated endocytosis; spindle localization; positive regulation of wound healing; syncytium formation by plasma membrane fusion; cell-cell fusion; positive regulation of neural precursor cell proliferation; acidic amino acid transport; syncytium formation","protein heterodimerization activity; actin binding; protease binding; laminin binding; fibronectin binding; chemokine binding; coreceptor activity; extracellular matrix binding; cell adhesion mediator activity; collagen binding","focal adhesion; cell-substrate junction; cleavage furrow; dendritic spine; neuron spine; cell division site; recycling endosome; neuromuscular junction; filopodium; asymmetric, glutamatergic, excitatory synapse; sarcolemma; integrin complex; leading edge membrane; glial cell projection; lamellipodium; cell leading edge; myelin sheath; actin-based cell projection; intercalated disc; protein complex involved in cell adhesion; excitatory synapse","Shigellosis; Bacterial invasion of epithelial cells; Axon guidance; Leukocyte transendothelial migration; Platelet activation; Tight junction; Focal adhesion; Rap1 signaling pathway; Arrhythmogenic right ventricular cardiomyopathy; Regulation of actin cytoskeleton; Cytoskeleton in muscle cells; Hypertrophic cardiomyopathy; Dilated cardiomyopathy","RHOG GTPase cycle; RAC2 GTPase cycle; RAC3 GTPase cycle","9606.ENSP00000379350",1001,133410,1000,0.265085085085085
"27","WSB2",-0.713315416264935,1.73756918457532,-4.71238090910311,5.87215884118622e-05,0.0271827136423187,1.81395860621076,"ENSG00000176871","ENSP00000319474","Q9NYS7",404,0.173992307692308,40,9.92555831265509,NA,NA,NA,NA,NA,"9606.ENSP00000409131",369,8508,368,0.120542589740552
"28","RPS4X",-1.3316342075564,7.11879652625683,-4.69197882973101,6.21116331860886e-05,0.0271827136423187,1.7639661601019,"ENSG00000198034","ENSP00000362744","P62701",263,0.178227480916031,32,12.2137404580153,NA,"structural constituent of ribosome; rRNA binding","focal adhesion; cell-substrate junction; ribosomal subunit; small ribosomal subunit; ribosome; cytosolic small ribosomal subunit; cytoplasmic ribonucleoprotein granule; ribonucleoprotein granule; polysome","Ribosome",NA,"9606.ENSP00000362744",1001,157934,1000,0.314182182182182
"29","INPP5F",-0.916988178722402,0.868978499894393,-4.68351105593335,6.35752393285926e-05,0.0271827136423187,1.74321928937302,"ENSG00000198825","ENSP00000497527","Q9Y2H2",1132,0.389619451812555,368,32.5375773651636,"phosphatidylinositol-mediated signaling; vesicle-mediated transport to the plasma membrane; lipid catabolic process; negative regulation of cell projection organization; cellular lipid catabolic process; endocytic recycling; negative regulation of tyrosine phosphorylation of STAT protein; negative regulation of axon regeneration; positive regulation of receptor recycling; negative regulation of neuron projection regeneration; negative regulation of neuron projection development; regulation of endocytic recycling; negative regulation of receptor signaling pathway via JAK-STAT; regulation of receptor recycling; phosphatidylinositol dephosphorylation; negative regulation of peptidyl-serine phosphorylation; regulation of axon regeneration; regulation of response to wounding; muscle hypertrophy in response to stress; cardiac muscle adaptation; cardiac muscle hypertrophy in response to stress; regulation of neuron projection regeneration; negative regulation of receptor signaling pathway via STAT; glycerophospholipid catabolic process; lipid modification; phospholipid dephosphorylation; receptor recycling; clathrin-dependent endocytosis; muscle system process; regulation of neuron projection development; negative regulation of peptidyl-tyrosine phosphorylation; axon regeneration; phospholipid catabolic process; striated muscle adaptation; regulation of phosphatidylinositol 3-kinase/protein kinase B signal transduction; neuron projection regeneration; endosomal transport; receptor-mediated endocytosis; glycerolipid catabolic process","phosphatidylinositol phosphate 5-phosphatase activity; phosphatidylinositol monophosphate phosphatase activity; inositol phosphate phosphatase activity; phosphatidylinositol phosphate phosphatase activity","recycling endosome; early endosome; early endosome membrane","Inositol phosphate metabolism; Phosphatidylinositol signaling system",NA,"9606.ENSP00000497527",141,1773,140,0.167831449126413
"30","MYL12A",-1.86816786938218,2.24522139279697,-4.68278468779145,6.37023754590663e-05,0.0271827136423187,1.74143968185759,"ENSG00000101608","ENSP00000462171","P19105",171,0.219768235294118,20,11.7647058823529,"protein localization to cell periphery; protein localization to plasma membrane; wound healing","glutamate receptor binding","Z disc; I band; stress fiber; contractile actin filament bundle; actomyosin; actin filament bundle; sarcomere; myofibril; contractile fiber; myosin II complex; myosin complex","Shigellosis; Axon guidance; Leukocyte transendothelial migration; Platelet activation; Tight junction; Focal adhesion; Adherens junction; Regulation of actin cytoskeleton","RHO GTPases activate PAKs","9606.ENSP00000464359",511,25803,510,0.194868831619092
"31","MRPL43",-1.13258536453549,1.93442822444758,-4.67090915803577,6.58172077873048e-05,0.0275234399524951,1.71234607402549,"ENSG00000055950","ENSP00000315364","Q8N983",215,0.501704205607477,95,44.392523364486,"mitochondrial translation; mitochondrial gene expression","structural constituent of ribosome","mitochondrial matrix; mitochondrial inner membrane; mitochondrial protein-containing complex; ribosomal subunit; organellar ribosome; mitochondrial ribosome; ribosome; organellar large ribosomal subunit; mitochondrial large ribosomal subunit","Ribosome",NA,"9606.ENSP00000339844",942,88849,941,0.198765460013114
"32","AHR",-0.881895815672852,0.604634367167791,-4.59050747629451,8.20933457548681e-05,0.0323865993658215,1.51546316076619,"ENSG00000106546","ENSP00000242057","P35869",848,0.558334238488784,469,55.3719008264463,"response to toxic substance; T cell mediated immune response to tumor cell; response to forskolin; cellular response to forskolin; xenobiotic metabolic process; rhythmic process; second-messenger-mediated signaling; regulation of immune response to tumor cell; regulation of response to tumor cell; immune response to tumor cell; negative regulation of T cell mediated immunity; cellular response to xenobiotic stimulus; circadian rhythm; response to tumor cell; cellular response to cAMP; cAMP-mediated signaling; negative regulation of lymphocyte mediated immunity; negative regulation of adaptive immune response based on somatic recombination of immune receptors built from immunoglobulin superfamily domains; negative regulation of adaptive immune response; regulation of B cell proliferation","protein heterodimerization activity; TFIID-class transcription factor complex binding; heat shock protein binding; RNA polymerase II general transcription initiation factor binding; TBP-class protein binding; Hsp90 protein binding; transcription coactivator binding; DNA-binding transcription factor binding; nuclear receptor activity; ligand-activated transcription factor activity; general transcription initiation factor binding; E-box binding; basal transcription machinery binding; basal RNA polymerase II transcription machinery binding",NA,"Chemical carcinogenesis - reactive oxygen species","PPARA activates gene expression; Regulation of lipid metabolism by PPARalpha","9606.ENSP00000242057",203,4862,202,0.229545342593961
"33","ECHS1",-0.940295483330327,2.05980851611094,-4.56032539480638,8.91872277154119e-05,0.0343904253315104,1.44160555235056,"ENSG00000127884","ENSP00000357535","P30084",290,0.128401384083045,5,1.73010380622837,"lipid catabolic process; cellular lipid catabolic process; amino acid metabolic process; branched-chain amino acid catabolic process; branched-chain amino acid metabolic process; lipid modification; organic acid catabolic process; carboxylic acid catabolic process","enoyl-CoA hydratase activity; intramolecular oxidoreductase activity, transposing C=C bonds; lyase activity; intramolecular oxidoreductase activity; hydro-lyase activity","mitochondrial matrix",NA,NA,"9606.ENSP00000357535",1001,127667,1000,0.253587587587588
"34","SELENOM",-0.825707208488837,0.517964724302964,-4.49700326854124,0.0001061098459589,0.0361041495912354,1.28676570233977,"ENSG00000198832","ENSP00000384564","Q8WWX9",145,0.431985416666667,52,36.1111111111111,"glucocorticoid secretion; corticosteroid hormone secretion; multicellular organism growth; steroid hormone secretion; lipid export from cell; hormone metabolic process; endocrine hormone secretion; adipose tissue development",NA,NA,NA,NA,"9606.ENSP00000384564",77,1105,76,0.361052631578947
"35","BCCIP",-1.02712283050058,1.95404476471205,-4.49280979595436,0.000107336940015815,0.0361041495912354,1.27651761881433,"ENSG00000107949","ENSP00000278100","Q9P287",314,0.326938338658147,76,24.2811501597444,"mitotic nuclear division; microtubule cytoskeleton organization involved in mitosis; nuclear chromosome segregation; mitotic spindle assembly; chromosome segregation; nuclear division; neuroendocrine cell differentiation; organelle fission; mitotic spindle organization; spindle assembly; microtubule anchoring; mitotic sister chromatid segregation; neuroepithelial cell differentiation; non-membrane-bounded organelle assembly; spindle organization; sister chromatid segregation",NA,"mitotic spindle pole; spindle; mitotic spindle; nuclear cyclin-dependent protein kinase holoenzyme complex; spindle pole; cyclin-dependent protein kinase holoenzyme complex",NA,NA,"9606.ENSP00000357748",625,46969,624,0.238429641519529
"36","BBIP1",-0.627415160334289,1.12983628819665,-4.48792584004017,0.000108783845437268,0.0361041495912354,1.26458315265644,"ENSG00000214413","ENSP00000436622","A8MTZ0",92,0.585501098901099,51,56.043956043956,"protein localization to ciliary membrane; protein localization to cilium; protein localization to cell periphery; cilium assembly; cilium organization; protein localization to non-motile cilium; eating behavior",NA,NA,NA,"Cargo trafficking to the periciliary membrane","9606.ENSP00000433157",119,3273,118,0.457047660437491
"37","ASCC1",-0.635651785512522,1.04419494664182,-4.4674052010501,0.000115077710728448,0.0375962477128301,1.21445131115889,"ENSG00000138303","ENSP00000500935","Q8N9N2",400,0.265167919799499,83,20.8020050125313,"DNA dealkylation",NA,"neuromuscular junction; DNA repair complex; nuclear speck",NA,NA,"9606.ENSP00000339404",407,12924,406,0.152259320075412
"38","MCAM",-1.06741223088207,1.28528436885658,-4.43769438465415,0.000124835471124193,0.0396161162739974,1.14190578715921,"ENSG00000076706","ENSP00000264036","P43121",646,0.408436279069767,214,33.1782945736434,"renal system process; vascular wound healing; glomerular filtration; renal filtration; angiogenesis involved in wound healing; wound healing",NA,"focal adhesion; cell-substrate junction",NA,"RHOG GTPase cycle; RAC2 GTPase cycle; RAC3 GTPase cycle","9606.ENSP00000264036",676,69959,675,0.30457852511265
"39","COTL1",-1.65102554858523,2.36866034553834,-4.4315764922222,0.000126944367992626,0.0396161162739974,1.12697347238913,"ENSG00000103187","ENSP00000262428","Q14019",142,0.175658865248227,12,8.51063829787234,"regulation of protein-containing complex assembly; defense response to fungus; response to fungus; regulation of actin filament organization","actin binding; actin filament binding","actin filament; secretory granule lumen; cytoplasmic vesicle lumen; vesicle lumen",NA,NA,"9606.ENSP00000262428",280,6952,279,0.172068796575643
"40","THRAP3",-0.727710405050537,2.69964264685049,-4.41568376559907,0.000132421712100555,0.0401276170769639,1.08918741911832,"ENSG00000054118","ENSP00000433825","Q9Y2W1",955,0.891984381551363,869,91.0901467505241,"alternative mRNA splicing, via spliceosome; rhythmic process; positive regulation of circadian rhythm; positive regulation of mRNA splicing, via spliceosome; positive regulation of mRNA processing; circadian rhythm; positive regulation of RNA splicing; regulation of alternative mRNA splicing, via spliceosome; mRNA stabilization","nuclear vitamin D receptor binding; nuclear thyroid hormone receptor binding; DNA-binding transcription factor binding; nuclear receptor coactivator activity","mediator complex; nuclear speck",NA,"PPARA activates gene expression; Regulation of lipid metabolism by PPARalpha","9606.ENSP00000346634",755,59977,754,0.208619104483921
"41","VPS26A",-0.737203876280296,1.61917144929456,-4.40647096121586,0.00013597464864446,0.0404176736171216,1.06571906274772,"ENSG00000122958","ENSP00000362480","O75436",327,0.172746012269939,22,6.74846625766871,"vesicle-mediated transport to the plasma membrane; endocytic recycling; endosomal transport",NA,"early endosome; retromer complex",NA,NA,"9606.ENSP00000263559",583,27047,582,0.156531871225698
"42","GDI2",-1.38270234529806,2.94127329420837,-4.40307258533061,0.000137244957999696,0.0404176736171216,1.05743027124288,"ENSG00000057608","ENSP00000369528","P50395",445,0.0962445945945946,4,0.900900900900901,"protein localization to cilium; negative regulation of cell projection organization; cilium assembly; cilium organization; regulation of protein localization to cilium; small GTPase mediated signal transduction; negative regulation of cilium assembly; negative regulation of plasma membrane bounded cell projection assembly; regulation of plasma membrane bounded cell projection assembly; regulation of cell projection assembly; negative regulation of organelle assembly","GDP-dissociation inhibitor activity; GTPase activator activity","focal adhesion; cell-substrate junction; secretory granule lumen; cytoplasmic vesicle lumen; vesicle lumen; primary lysosome; azurophil granule; vacuolar lumen",NA,NA,"9606.ENSP00000369538",717,41313,716,0.158600617259835
"43","FHL2",-0.619129895676386,0.286522373762026,-4.3879486762025,0.000143042364432915,0.0408652767875473,1.02055086644558,"ENSG00000115641","ENSP00000386892","Q14192",279,0.240592805755396,0,0,"cardiocyte differentiation; ventricular cardiac muscle cell development; cardiac muscle tissue development; striated muscle tissue development; ventricular cardiac muscle cell differentiation; heart trabecula formation; negative regulation of calcineurin-NFAT signaling cascade; negative regulation of calcineurin-mediated signaling; cardiac muscle cell differentiation; second-messenger-mediated signaling; negative regulation of calcium-mediated signaling; trabecula formation; heart trabecula morphogenesis; muscle cell development; regulation of calcineurin-NFAT signaling cascade; regulation of calcineurin-mediated signaling; calcium-mediated signaling; muscle tissue development; calcineurin-NFAT signaling cascade; trabecula morphogenesis; calcineurin-mediated signaling; osteoblast differentiation; heart morphogenesis","bHLH transcription factor binding; DNA-binding transcription factor binding","focal adhesion; cell-substrate junction; Z disc; I band; sarcomere; myofibril; contractile fiber","Cytoskeleton in muscle cells","PPARA activates gene expression; Regulation of lipid metabolism by PPARalpha","9606.ENSP00000386892",579,27893,578,0.163805148932853
"44","PRDX3",-1.34183262842846,3.1645853983711,-4.38097422873148,0.000145796963834151,0.0408652767875473,1.00354856179503,"ENSG00000165672","ENSP00000298510","P30048",256,0.260932549019608,46,18.0392156862745,"response to toxic substance; cellular oxidant detoxification; protein oxidation; cellular detoxification; cellular response to toxic substance; detoxification; hydrogen peroxide catabolic process; female pregnancy; maternal placenta development; cell redox homeostasis; multi-organism reproductive process; peptidyl-cysteine modification; multi-multicellular organism process; hydrogen peroxide metabolic process; maternal process involved in female pregnancy","oxidoreductase activity, acting on a sulfur group of donors; antioxidant activity; oxidoreductase activity, acting on a sulfur group of donors, NAD(P) as acceptor; cysteine-type endopeptidase inhibitor activity involved in apoptotic process; cysteine-type endopeptidase regulator activity involved in apoptotic process; peroxidase activity; oxidoreductase activity, acting on peroxide as acceptor","mitochondrial matrix; early endosome",NA,NA,"9606.ENSP00000298510",1001,118765,1000,0.235765765765766
"45","NDUFB8",-1.16266824742066,3.55415540060319,-4.37900894596368,0.000146582608401456,0.0408652767875473,0.998758151182748,"ENSG00000166136","ENSP00000520734","O95169",186,0.67975027027027,156,84.3243243243243,"mitochondrial electron transport, NADH to ubiquinone; NADH dehydrogenase complex assembly; mitochondrial respiratory chain complex I assembly; proton motive force-driven mitochondrial ATP synthesis","NADH dehydrogenase (ubiquinone) activity; NADH dehydrogenase (quinone) activity; NADH dehydrogenase activity; NAD(P)H dehydrogenase (quinone) activity; oxidoreductase activity, acting on NAD(P)H, quinone or similar compound as acceptor; oxidoreduction-driven active transmembrane transporter activity","mitochondrial matrix; mitochondrial inner membrane; mitochondrial protein-containing complex; inner mitochondrial membrane protein complex; transmembrane transporter complex; transporter complex; mitochondrial respiratory chain complex I; NADH dehydrogenase complex; respiratory chain complex I","Chemical carcinogenesis - reactive oxygen species",NA,"9606.ENSP00000299166",975,81389,974,0.169705244897658
"46","MAGED2",-1.45551151442607,4.1174272710684,-4.37301090874038,0.000149006412364912,0.0409944088965519,0.984139358698615,"ENSG00000102316","ENSP00000364193","Q9UNF1",606,0.619179173553719,377,62.3140495867769,"renal sodium ion absorption; renal sodium ion transport; renal system process; renal absorption; female pregnancy; multi-organism reproductive process; multi-multicellular organism process",NA,"secretory granule lumen; cytoplasmic vesicle lumen; vesicle lumen; platelet alpha granule lumen",NA,NA,"9606.ENSP00000364193",249,3952,248,0.120935092072613
"47","GSTO1",-0.931308272374311,1.39357166729918,-4.34500350272657,0.000160859929191558,0.0436807825904712,0.915909280176263,"ENSG00000148834","ENSP00000358727","P78417",241,0.17412625,22,9.16666666666667,"positive regulation of calcium ion transmembrane transporter activity; regulation of cation channel activity; response to toxic substance; positive regulation of cation channel activity; intracellular calcium ion homeostasis; calcium ion homeostasis; calcium ion transmembrane transport; regulation of calcium ion transmembrane transporter activity; positive regulation of transmembrane transport; positive regulation of calcium ion transmembrane transport; positive regulation of ion transmembrane transporter activity; regulation of monoatomic ion transmembrane transporter activity; L-ascorbic acid metabolic process; lactone metabolic process; positive regulation of transporter activity; regulation of transmembrane transporter activity; heart contraction; negative regulation of ryanodine-sensitive calcium-release channel activity; cellular oxidant detoxification; heart process; calcium ion transport; negative regulation of release of sequestered calcium ion into cytosol; regulation of transporter activity; positive regulation of striated muscle contraction; positive regulation of sequestering of calcium ion; positive regulation of calcium ion transport; cellular detoxification; xenobiotic metabolic process; cellular response to toxic substance; regulation of skeletal muscle contraction; cellular response to arsenic-containing substance; second-messenger-mediated signaling; release of sequestered calcium ion into cytosol; negative regulation of sequestering of calcium ion; regulation of monoatomic cation transmembrane transport; regulation of sequestering of calcium ion; cardiac muscle contraction; positive regulation of cation transmembrane transport; sequestering of calcium ion; regulation of cardiac muscle contraction by regulation of the release of sequestered calcium ion; xenobiotic catabolic process; regulation of cardiac muscle contraction by calcium ion signaling; regulation of ryanodine-sensitive calcium-release channel activity; positive regulation of monoatomic ion transmembrane transport; detoxification; regulation of calcium ion transmembrane transport; regulation of release of sequestered calcium ion into cytosol by sarcoplasmic reticulum; response to arsenic-containing substance; negative regulation of calcium ion transmembrane transporter activity; striated muscle contraction; regulation of metal ion transport; release of sequestered calcium ion into cytosol by sarcoplasmic reticulum; cellular response to xenobiotic stimulus; release of sequestered calcium ion into cytosol by endoplasmic reticulum; positive regulation of release of sequestered calcium ion into cytosol; calcium ion transmembrane import into cytosol; regulation of heart contraction; sarcoplasmic reticulum calcium ion transport; calcium-mediated signaling; positive regulation of monoatomic ion transport; skeletal muscle contraction; positive regulation of muscle contraction; muscle system process; regulation of monoatomic ion transmembrane transport; negative regulation of calcium ion transmembrane transport; negative regulation of cation channel activity; maintenance of location in cell; glutathione metabolic process; regulation of calcium ion transport; musculoskeletal movement; water-soluble vitamin metabolic process; multicellular organismal movement; regulation of blood circulation; negative regulation of calcium ion transport","oxidoreductase activity, acting on a sulfur group of donors; antioxidant activity; glutathione transferase activity; disulfide oxidoreductase activity; transferase activity, transferring alkyl or aryl (other than methyl) groups",NA,"Chemical carcinogenesis - reactive oxygen species","Gene and protein expression by JAK-STAT signaling after Interleukin-12 stimulation; Interleukin-12 signaling","9606.ENSP00000358727",525,31761,524,0.227964036022361
"48","OGA",-0.915315587360328,1.64128269667524,-4.3301904608769,0.000167501836314336,0.044332859436664,0.879844246472617,"ENSG00000198408","ENSP00000409973","O60502",916,0.285638142076503,218,23.8251366120219,"protein deglycosylation; glycoprotein biosynthetic process; N-acetylglucosamine metabolic process; glucosamine-containing compound metabolic process; glycoprotein metabolic process; glycoprotein catabolic process; protein glycosylation; macromolecule glycosylation; amino sugar metabolic process; glycosylation","hexosaminidase activity",NA,NA,NA,"9606.ENSP00000354850",483,27716,482,0.234935861491878
"49","CARD19",-0.613709114961646,0.866486788079918,-4.31201951806765,0.000176020944558865,0.0456312255586658,0.83562523256893,"ENSG00000165233","ENSP00000364613","Q96LW7",228,0.350297797356828,70,30.8370044052863,"negative regulation of canonical NF-kappaB signal transduction","CARD domain binding",NA,NA,NA,"9606.ENSP00000364613",118,491,117,0.0551134689065724
"50","SMC3",-1.00495017059271,1.91923795544957,-4.31045915770236,0.00017677216845626,0.0456312255586658,0.831829222899458,"ENSG00000108055","ENSP00000354720","Q9UQE7",1217,0.396358141447368,591,48.6019736842105,"mitotic nuclear division; microtubule cytoskeleton organization involved in mitosis; nuclear chromosome segregation; mitotic spindle assembly; chromosome segregation; nuclear division; establishment of sister chromatid cohesion; meiotic sister chromatid cohesion; organelle fission; mitotic spindle organization; spindle assembly; mitotic sister chromatid cohesion; mitotic sister chromatid segregation; non-membrane-bounded organelle assembly; spindle organization; sister chromatid segregation; sister chromatid cohesion","protein heterodimerization activity; dynein complex binding; beta-tubulin binding; microtubule motor activity","mitotic spindle pole; spindle; mitotic spindle; cohesin complex; lateral element; spindle pole; synaptonemal complex; synaptonemal structure; nuclear chromosome; chromosome, centromeric region",NA,NA,"9606.ENSP00000354720",1001,113395,1000,0.225015015015015
"51","YME1L1",-0.568793492461619,1.62353350313034,-4.28919431284667,0.000187331647379819,0.0469823103052254,0.780114920607786,"ENSG00000136758","ENSP00000398713","Q96TA2",773,0.197763601036269,83,10.7512953367876,"mitochondrial protein processing; protein quality control for misfolded or incompletely synthesized proteins; protein complex oligomerization","metallopeptidase activity","mitochondrial inner membrane",NA,"Processing of SMDT1; Mitochondrial calcium ion transport","9606.ENSP00000318480",1001,117864,1000,0.233961961961962
"52","CTHRC1",-1.98311957255927,0.976120148032924,-4.28209470561668,0.000190994135345744,0.0469823103052254,0.762857045261429,"ENSG00000164932","ENSP00000330523","Q96CG8",243,0.444345041322314,98,40.495867768595,"Wnt signaling pathway, planar cell polarity pathway; regulation of establishment of planar polarity; non-canonical Wnt signaling pathway; establishment of planar polarity; establishment of tissue polarity; morphogenesis of a polarized epithelium; positive regulation of osteoblast proliferation; establishment of planar polarity involved in neural tube closure; establishment of planar polarity of embryonic epithelium; regulation of animal organ morphogenesis; cochlea morphogenesis; regulation of osteoblast proliferation; inner ear receptor cell stereocilium organization; osteoblast proliferation; inner ear receptor cell development; cochlea development; osteoblast differentiation; inner ear receptor cell differentiation; mechanoreceptor differentiation","Wnt-protein binding; frizzled binding",NA,NA,NA,"9606.ENSP00000330523",227,7461,226,0.284562438544739
"53","ALDH18A1",-0.849389887385452,1.29292823239809,-4.25583168143559,0.000205168216130043,0.0492766306152709,0.699051421655964,"ENSG00000059573","ENSP00000360268","P54886",795,0.157526952141058,70,8.81612090680101,"proline metabolic process; ornithine metabolic process; glutamine family amino acid biosynthetic process; amino acid metabolic process; glutamate metabolic process; alpha-amino acid metabolic process","oxidoreductase activity, acting on the aldehyde or oxo group of donors, NAD or NADP as acceptor; oxidoreductase activity, acting on the aldehyde or oxo group of donors","mitochondrial inner membrane",NA,NA,"9606.ENSP00000360268",1001,94562,1000,0.187311311311311
"54","SAR1A",-1.33716224540575,2.96865762087068,-4.25113691666714,0.000207809295746463,0.0492766306152709,0.687651531773937,"ENSG00000079332","ENSP00000362338","Q9NR31",198,0.0700416243654822,0,0,"positive regulation of protein exit from endoplasmic reticulum; COPII-coated vesicle cargo loading; vesicle targeting, rough ER to cis-Golgi; COPII vesicle coating; regulation of protein exit from endoplasmic reticulum; vesicle cargo loading; vesicle targeting, to, from or within Golgi; vesicle coating; regulation of protein-containing complex assembly; COPII-coated vesicle budding; protein exit from endoplasmic reticulum; establishment of organelle localization; vesicle targeting","GTPase activity; GTP binding; guanyl nucleotide binding; guanyl ribonucleotide binding","COPII vesicle coat; endoplasmic reticulum exit site; vesicle coat; ER to Golgi transport vesicle membrane","Protein processing in endoplasmic reticulum",NA,"9606.ENSP00000362339",343,11413,342,0.189861261168562
"55","RBM17",-0.716933111543053,1.67734192574907,-4.2477281269603,0.000209747961392659,0.0492766306152709,0.679375424226465,"ENSG00000134453","ENSP00000369218","Q96I25",401,0.637385,279,69.75,"alternative mRNA splicing, via spliceosome; mRNA cis splicing, via spliceosome",NA,NA,NA,NA,"9606.ENSP00000388638",485,35078,484,0.295963588453707
