"","p_val","avg_log2FC","pct.1","pct.2","p_val_adj","gene","pct_diff","pct_ratio","is_artifact"
"EGFR",0,5.94386250436842,0.808,0.347,0,"EGFR",0.461,2.29131652661064,FALSE
"PDPN",1.31580171240058e-227,3.1103860294351,0.668,0.25,2.92042190067308e-223,"PDPN",0.418,2.60769230769231,FALSE
"HEPN1",7.66205622379403e-196,2.04963616861173,0.741,0.324,1.70059337887108e-191,"HEPN1",0.417,2.24850299401198,FALSE
"NRCAM",4.51987271115491e-142,1.32939797687857,0.854,0.488,1.00318574824083e-137,"NRCAM",0.366,1.73493975903614,FALSE
"ROBO2",2.53552795896131e-142,2.2928379488238,0.509,0.154,5.62760430491464e-138,"ROBO2",0.355,3.16463414634146,FALSE
"RAMP1",1.30428743995854e-154,2.93261401303607,0.55,0.208,2.89486597298797e-150,"RAMP1",0.342,2.56880733944954,FALSE
"HEPACAM",2.12234426493695e-130,2.24242575339621,0.52,0.18,4.71054309602757e-126,"HEPACAM",0.34,2.78947368421053,FALSE
"ZBTB16",5.64452868050343e-130,1.93398390195437,0.546,0.208,1.25280314063774e-125,"ZBTB16",0.338,2.55045871559633,FALSE
"ATP13A4",9.87471667779959e-113,2.72749782864998,0.519,0.231,2.19169336663762e-108,"ATP13A4",0.288,2.19502074688797,FALSE
"KLHL4",3.99137472305922e-115,2.65859837628898,0.515,0.228,8.85885619782994e-111,"KLHL4",0.287,2.20588235294118,FALSE
"NEAT1",9.11187735117409e-118,2.23415401094472,0.642,0.358,2.02238117809309e-113,"NEAT1",0.284,1.77173913043478,FALSE
"CD99",2.98280612821032e-98,1.41873184781203,0.71,0.428,6.6203382015628e-94,"CD99",0.282,1.64383561643836,FALSE
"ITPR2",1.57975508203125e-97,1.97112724756098,0.453,0.181,3.50626640456836e-93,"ITPR2",0.272,2.42408376963351,FALSE
"PDZD2",8.57703873510612e-107,3.48869968897314,0.467,0.196,1.9036737472568e-102,"PDZD2",0.271,2.31553398058252,FALSE
"PCDHB7",1.82381506786587e-83,1.81929105260935,0.462,0.207,4.04795754312829e-79,"PCDHB7",0.255,2.17511520737327,FALSE
"DPP6",1.58136616154974e-87,1.26219785251836,0.819,0.572,3.50984219555965e-83,"DPP6",0.247,1.42439862542955,FALSE
"NELL2",1.83904586759951e-77,2.17108284647303,0.44,0.201,4.0817623031371e-73,"NELL2",0.239,2.13270142180095,FALSE
"DGKG",2.39856799086066e-77,2.37823394872243,0.419,0.18,5.32362165571523e-73,"DGKG",0.239,2.25789473684211,FALSE
"MT3",3.23052722961048e-133,3.08219254047964,0.647,0.41,7.17015518612046e-129,"MT3",0.237,1.56428571428571,FALSE
"ZFHX4",4.40416067730348e-72,1.67010859981932,0.634,0.404,9.77503462327508e-68,"ZFHX4",0.23,1.55555555555556,FALSE
"EPHA4",1.2385024577933e-70,1.73145237010702,0.431,0.203,2.74885620507223e-66,"EPHA4",0.228,2.07042253521127,FALSE
"PER1",1.80249627450152e-91,1.68553746065913,0.667,0.442,4.00064048125612e-87,"PER1",0.225,1.49778761061947,FALSE
"PCDHB8",7.11560268316057e-70,2.09356559815,0.372,0.151,1.57930801552749e-65,"PCDHB8",0.221,2.37267080745342,FALSE
"LRRC16A",3.62795067475522e-61,1.61225715301008,0.399,0.179,8.05223652261921e-57,"LRRC16A",0.22,2.16402116402116,FALSE
"LRP4",1.31116822063175e-54,1.15664924957585,0.529,0.311,2.91013786569217e-50,"LRP4",0.218,1.6791277258567,FALSE
"SEZ6",5.14604139991829e-67,2.36424559306027,0.413,0.195,1.14216388871186e-62,"SEZ6",0.218,2.06341463414634,FALSE
"SPARC",4.00405430042273e-81,0.947638414952586,0.76,0.547,8.88699851978826e-77,"SPARC",0.213,1.38240574506284,FALSE
"CLU",3.71748268066772e-98,0.551102788027737,0.803,0.591,8.250952809742e-94,"CLU",0.212,1.35274542429285,FALSE
"DPF3",7.03247240696749e-62,1.72623606869433,0.387,0.175,1.56085725072643e-57,"DPF3",0.212,2.14594594594595,FALSE
"ITGA7",1.9618330605383e-54,0.541087690037152,0.575,0.364,4.35428847786476e-50,"ITGA7",0.211,1.56417112299465,FALSE
"GRIK2",2.10467531841183e-54,1.19057015056447,0.601,0.392,4.67132686921507e-50,"GRIK2",0.209,1.51990049751244,FALSE
"DSCAM",3.89796051138603e-57,0.994644006421414,0.601,0.393,8.65152335502129e-53,"DSCAM",0.208,1.51612903225806,FALSE
"PRUNE2",2.97281245174605e-54,1.13538688185836,0.426,0.22,6.59815723665036e-50,"PRUNE2",0.206,1.89565217391304,FALSE
"SPDYE8P",6.05026457446013e-113,1.65956736930509,0.791,0.59,1.34285622230142e-108,"SPDYE8P",0.201,1.335,FALSE
"S100A16",3.1972231758561e-64,1.6245466504809,0.528,0.327,7.09623683881261e-60,"S100A16",0.201,1.59643916913947,FALSE
"SLC4A4",1.29773993850215e-53,1.77125858799918,0.394,0.197,2.88033379350553e-49,"SLC4A4",0.197,1.95169082125604,FALSE
"COL16A1",1.59334508132613e-52,1.05273438385619,0.422,0.226,3.53642940800334e-48,"COL16A1",0.196,1.83050847457627,FALSE
"GATM",4.9065413132745e-82,2.24434564452569,0.612,0.422,1.08900684448128e-77,"GATM",0.19,1.43981481481481,FALSE
"PCDHB11",7.83582060914885e-60,3.11262904606497,0.423,0.233,1.73916038420059e-55,"PCDHB11",0.19,1.78189300411523,FALSE
"CDKN2C",6.06616313905424e-57,2.02642438169554,0.407,0.218,1.34638490871309e-52,"CDKN2C",0.189,1.82894736842105,FALSE
"PROX1",9.31162681104431e-55,1.85882810177013,0.604,0.419,2.06671557071128e-50,"PROX1",0.185,1.43123543123543,FALSE
"EPAS1",2.64930141203705e-45,2.11194318922481,0.375,0.19,5.88012448401622e-41,"EPAS1",0.185,1.925,FALSE
"NAV2",1.62669754126284e-39,0.716583231084776,0.672,0.488,3.61045519283287e-35,"NAV2",0.184,1.36947791164659,FALSE
"SEPP1",3.75229932315473e-49,2.04201239736157,0.343,0.159,8.32822834774192e-45,"SEPP1",0.184,2.0887573964497,FALSE
"HDAC9",1.90366873090491e-47,1.81754295225984,0.44,0.256,4.22519274824344e-43,"HDAC9",0.184,1.69172932330827,FALSE
"CD9",1.93509853458327e-93,1.6828431376139,0.721,0.537,4.29495119750758e-89,"CD9",0.184,1.3363802559415,FALSE
"NOTCH2",3.5989065078756e-26,0.311949339640862,0.72,0.536,7.9877729942299e-22,"NOTCH2",0.184,1.33699633699634,FALSE
"HSPA1B",7.63380739012498e-49,1.1050773399047,0.629,0.446,1.69432355023824e-44,"HSPA1B",0.183,1.40131578947368,FALSE
"PILRB",2.89132356455372e-80,1.01789305237256,0.82,0.638,6.41729265152698e-76,"PILRB",0.182,1.28086419753086,FALSE
"ARAP2",4.56125699986158e-44,1.55230307688547,0.407,0.226,1.01237099111928e-39,"ARAP2",0.181,1.76694915254237,FALSE
"RNF180",1.94065947715884e-39,0.793441379010644,0.587,0.406,4.30729370955405e-35,"RNF180",0.181,1.43509615384615,FALSE
"ANK2",1.11777471734847e-43,0.930709403463229,0.661,0.482,2.48090098515494e-39,"ANK2",0.179,1.36382113821138,FALSE
"NFIX",3.4372873474926e-35,0.513870559137478,0.785,0.606,7.62905926775984e-31,"NFIX",0.179,1.29058441558442,FALSE
"LMO3",5.04959082383204e-48,2.36582507921176,0.383,0.204,1.12075668334952e-43,"LMO3",0.179,1.83644859813084,FALSE
"ARL4C",3.47315737523916e-41,1.03436515766148,0.481,0.302,7.70867279434331e-37,"ARL4C",0.179,1.57371794871795,FALSE
"MEIS1",1.10201684764661e-45,0.96491016977423,0.641,0.464,2.44592639335165e-41,"MEIS1",0.177,1.37341772151899,FALSE
"SCG5",1.2779152155414e-44,1.26654002680829,0.458,0.281,2.83633282089413e-40,"SCG5",0.177,1.60824742268041,FALSE
"MLC1",3.18987952676097e-62,1.67559187981985,0.578,0.402,7.07993760964598e-58,"MLC1",0.176,1.42718446601942,FALSE
"AK4",4.44624391160044e-42,1.12973019495679,0.53,0.355,9.86843836179719e-38,"AK4",0.175,1.47945205479452,FALSE
"LGALS3",3.467000196337e-35,1.01084950920534,0.492,0.318,7.69500693576997e-31,"LGALS3",0.174,1.53048780487805,FALSE
"GADD45B",2.10628490639097e-42,1.92454323090033,0.417,0.245,4.67489934973475e-38,"GADD45B",0.172,1.67450980392157,FALSE
"S100A13",6.78446594127878e-47,1.90559420060023,0.327,0.156,1.50581221566683e-42,"S100A13",0.171,2.03012048192771,FALSE
"BCAP29",1.23486123698505e-58,1.41062899528807,0.646,0.476,2.74077451548831e-54,"BCAP29",0.17,1.34979423868313,FALSE
"BAZ2B",1.61105603192545e-84,1.57464828767323,0.838,0.668,3.57573886285853e-80,"BAZ2B",0.17,1.25073746312684,FALSE
"DOCK7",1.61690196587023e-34,0.877021546379508,0.553,0.384,3.58871391324897e-30,"DOCK7",0.169,1.42893401015228,FALSE
"TPD52",8.02321167421839e-45,2.09416472337225,0.35,0.181,1.78075183109277e-40,"TPD52",0.169,1.8848167539267,FALSE
"FBXO17",2.17408357155432e-69,2.63079556290138,0.585,0.418,4.82537848706481e-65,"FBXO17",0.167,1.39018691588785,FALSE
"TMEM178A",9.7776324489425e-44,1.38173131769788,0.349,0.182,2.17014552204279e-39,"TMEM178A",0.167,1.86979166666667,FALSE
"TXNIP",2.44830853534814e-52,1.14668847241705,0.665,0.499,5.43402079420519e-48,"TXNIP",0.166,1.32612966601179,FALSE
"ZBTB20",8.38418061068736e-79,1.09770297999546,0.88,0.715,1.86086888654206e-74,"ZBTB20",0.165,1.22758620689655,FALSE
"TSC22D4",1.03229080774849e-88,1.65110640059923,0.732,0.568,2.29116944779776e-84,"TSC22D4",0.164,1.28373702422145,FALSE
"IGSF11",1.05237376403947e-42,1.29527013600765,0.537,0.373,2.3357435692856e-38,"IGSF11",0.164,1.42819843342037,FALSE
"HTRA1",3.21647464120651e-37,1.11151460755271,0.37,0.206,7.13896546615786e-33,"HTRA1",0.164,1.75925925925926,FALSE
"HLA-F",3.91679101675984e-38,1.5826151748518,0.369,0.206,8.69331766169847e-34,"HLA-F",0.163,1.75462962962963,FALSE
"C8orf4",1.03170021213109e-37,1.4673053406947,0.356,0.193,2.28985862082494e-33,"C8orf4",0.163,1.80295566502463,FALSE
"FLJ43663",1.90774262144794e-37,1.7406765532482,0.417,0.254,4.23423474830371e-33,"FLJ43663",0.163,1.61742424242424,FALSE
"SLC20A2",9.79070506422266e-40,1.89990350404214,0.396,0.234,2.17304698900422e-35,"SLC20A2",0.162,1.66393442622951,FALSE
"KCTD12",5.71598519828494e-34,0.451166775567819,0.388,0.226,1.26866291475934e-29,"KCTD12",0.162,1.6864406779661,FALSE
"PCDHB16",2.45668046641693e-41,1.52731594183986,0.577,0.415,5.45260229521237e-37,"PCDHB16",0.162,1.38117647058824,FALSE
"ZFP36",1.71986265742695e-33,1.3830400016733,0.562,0.401,3.81723516815912e-29,"ZFP36",0.161,1.39172749391728,FALSE
"AGMO",4.39556520377224e-57,5.61580531204114,0.405,0.245,9.75595696977249e-53,"AGMO",0.16,1.62745098039216,FALSE
"ELOVL2",9.11161715778002e-32,0.299067398740493,0.398,0.238,2.02232342816928e-27,"ELOVL2",0.16,1.64516129032258,FALSE
"S100A10",2.18541669753199e-34,1.24336879730242,0.478,0.318,4.85053236017224e-30,"S100A10",0.16,1.48780487804878,FALSE
"ARAP3",1.21792282101667e-34,0.860789612336406,0.452,0.293,2.70317970124649e-30,"ARAP3",0.159,1.52475247524752,FALSE
"SLC1A3",8.9887961126635e-104,1.63512616319531,0.79,0.632,1.99506329720566e-99,"SLC1A3",0.158,1.24610591900312,FALSE
"RASSF4",1.76830024875358e-37,1.41772588648129,0.458,0.3,3.92474240210857e-33,"RASSF4",0.158,1.50967741935484,FALSE
"HLA-B",1.29654225709121e-125,3.43725878009625,0.821,0.663,2.87767553961395e-121,"HLA-B",0.158,1.23476968796434,FALSE
"KCTD13",1.94839465372765e-35,0.975462308484735,0.473,0.317,4.32446193394852e-31,"KCTD13",0.156,1.47706422018349,FALSE
"CUX1",2.28828095036731e-53,1.03769320420597,0.761,0.606,5.07883956934025e-49,"CUX1",0.155,1.25162337662338,FALSE
"NOTCH2NL",9.33549108569159e-33,0.911077019464293,0.644,0.489,2.07201224646925e-28,"NOTCH2NL",0.155,1.31062124248497,FALSE
"OSBPL6",3.61042086723482e-39,1.16712682654963,0.569,0.414,8.01332911482768e-35,"OSBPL6",0.155,1.36556603773585,FALSE
"ZNF302",6.24709705869694e-45,1.38226417575365,0.637,0.483,1.38654319217779e-40,"ZNF302",0.154,1.31237322515213,FALSE
"PSMB8",8.55713227008913e-43,1.91411689489441,0.459,0.305,1.89925550734628e-38,"PSMB8",0.154,1.48888888888889,FALSE
"MT2A",7.33895787532991e-102,2.70717673683542,0.694,0.54,1.62888170042947e-97,"MT2A",0.154,1.28,FALSE
"GRAMD3",6.95223404107736e-34,1.78225603535858,0.435,0.282,1.54304834541712e-29,"GRAMD3",0.153,1.52397260273973,FALSE
"MGLL",4.51810315872837e-34,1.11707794476256,0.35,0.197,1.00279299607976e-29,"MGLL",0.153,1.73913043478261,FALSE
"DDX3Y",2.05558594502452e-37,1.70714503439877,0.392,0.241,4.56237300498192e-33,"DDX3Y",0.151,1.60159362549801,FALSE
"KANK2",9.95279514219502e-37,1.32133090732974,0.368,0.217,2.20902288181019e-32,"KANK2",0.151,1.66519823788546,FALSE
"KIF21A",6.79187918846798e-72,1.2562271791958,0.779,0.629,1.50745758588047e-67,"KIF21A",0.15,1.23474178403756,FALSE
"PCDHB13",3.02245373218818e-34,1.01132893437425,0.32,0.171,6.70833605859168e-30,"PCDHB13",0.149,1.8232044198895,FALSE
"STAG3L1",2.0918549815554e-41,1.30780135539945,0.504,0.356,4.64287213156222e-37,"STAG3L1",0.148,1.40437158469945,FALSE
"RGS16",9.59187430608293e-36,2.59775431149243,0.346,0.199,2.12891650223511e-31,"RGS16",0.147,1.70334928229665,FALSE
"GFAP",5.62705144579962e-17,0.626013564290522,0.594,0.447,1.24892406839522e-12,"GFAP",0.147,1.32166301969365,FALSE
"MT1E",1.88806666364789e-33,1.67917466136682,0.328,0.182,4.19056395996649e-29,"MT1E",0.146,1.76041666666667,FALSE
"NFIC",2.45992882386141e-60,0.973301961409828,0.787,0.642,5.4598120245604e-56,"NFIC",0.145,1.22239263803681,FALSE
"LANCL2",6.0032941100299e-50,2.86988170569652,0.567,0.422,1.33243112772114e-45,"LANCL2",0.145,1.33564814814815,FALSE
"RFTN2",6.58771950747387e-27,0.988554734251457,0.554,0.41,1.46214434468383e-22,"RFTN2",0.144,1.34285714285714,FALSE
"WIPF3",6.94674431537642e-43,2.33792960347754,0.391,0.247,1.5418299007978e-38,"WIPF3",0.144,1.56031128404669,FALSE
"OLIG1",2.12071262943593e-13,0.667822005479187,0.684,0.54,4.70692168103304e-09,"OLIG1",0.144,1.26181818181818,FALSE
"HLA-G",2.33389167472356e-36,1.73180368197988,0.389,0.246,5.18007257204894e-32,"HLA-G",0.143,1.55859375,FALSE
"TAP1",5.85248890603541e-34,1.70380121510439,0.5,0.357,1.29895991269456e-29,"TAP1",0.143,1.38964577656676,FALSE
"FRY",2.87307170985251e-30,1.21170815717535,0.402,0.26,6.37678266001764e-26,"FRY",0.142,1.52592592592593,FALSE
"WASL",2.115318515691e-42,0.93522770697156,0.776,0.635,4.69494944557618e-38,"WASL",0.141,1.21860465116279,FALSE
"CRYAB",3.65364929146643e-32,2.48646326331807,0.381,0.24,8.10927460240974e-28,"CRYAB",0.141,1.564,FALSE
"RHOU",1.02338546614519e-32,2.1459418711793,0.334,0.194,2.27140404210926e-28,"RHOU",0.14,1.68627450980392,FALSE
"ZNF767",1.89663013252592e-29,1.38710497099796,0.397,0.258,4.20957057914129e-25,"ZNF767",0.139,1.51865671641791,FALSE
"COL4A1",3.10959620256092e-31,1.27600338465471,0.292,0.153,6.90174877158396e-27,"COL4A1",0.139,1.85276073619632,FALSE
"RASSF2",1.73519673417821e-86,1.73748922328856,0.787,0.649,3.85126915150854e-82,"RASSF2",0.138,1.20940819423369,FALSE
"ZNF181",3.34096486995887e-29,1.21680444495098,0.42,0.282,7.41527152887371e-25,"ZNF181",0.138,1.47260273972603,FALSE
"LOC646329",1.20081973060541e-35,2.60208700842543,0.339,0.203,2.66521939207871e-31,"LOC646329",0.136,1.63849765258216,FALSE
"LOC100216545",1.13803190599227e-30,1.18337698040019,0.613,0.479,2.52586181534984e-26,"LOC100216545",0.134,1.27402862985685,FALSE
"ADAM19",9.78495509511719e-29,1.5993042057992,0.37,0.236,2.17177078336126e-24,"ADAM19",0.134,1.54471544715447,FALSE
"DTNA",8.01386893448641e-58,1.31902634167798,0.761,0.629,1.77867821000926e-53,"DTNA",0.132,1.20657276995305,FALSE
"PARP9",1.02137037577833e-34,1.84291170606545,0.474,0.342,2.26693154903999e-30,"PARP9",0.132,1.375,FALSE
"CCDC80",6.90806541731495e-31,1.71783543243557,0.355,0.224,1.53324511937305e-26,"CCDC80",0.131,1.55982905982906,FALSE
"SYPL1",5.31368870195065e-40,1.42334653942336,0.558,0.429,1.17937320739795e-35,"SYPL1",0.129,1.29384965831435,FALSE
"SMIM3",5.04335108662502e-27,1.28751910478931,0.343,0.214,1.11937177367642e-22,"SMIM3",0.129,1.57589285714286,FALSE
"PCDHB12",2.88736863533725e-27,1.62208666367618,0.355,0.227,6.40851468613104e-23,"PCDHB12",0.128,1.54008438818565,FALSE
"ZNF606",6.87759083347534e-23,1.07380062911712,0.55,0.423,1.52648128548985e-18,"ZNF606",0.127,1.2933025404157,FALSE
"MT1X",2.4415037145614e-36,4.03939113771112,0.419,0.292,5.41891749446902e-32,"MT1X",0.127,1.4205298013245,FALSE
"NLGN4Y",3.4285833593411e-34,2.2519401132353,0.324,0.197,7.60974076605758e-30,"NLGN4Y",0.127,1.61352657004831,FALSE
"CPEB4",6.97075383971204e-30,0.89520004058178,0.74,0.613,1.54715881472409e-25,"CPEB4",0.127,1.20385232744783,FALSE
"LAMA5",3.22514025453048e-28,0.664660673571555,0.62,0.493,7.15819879493041e-24,"LAMA5",0.127,1.25248508946322,FALSE
"LAP3",1.09371811662085e-45,1.60247949201617,0.649,0.524,2.42750735983998e-41,"LAP3",0.125,1.23408239700375,FALSE
"TTTY15",9.21156978480789e-29,1.43800810495475,0.458,0.334,2.04450791373811e-24,"TTTY15",0.124,1.36046511627907,FALSE
"RBCK1",8.31404293339742e-36,1.13502638130088,0.641,0.518,1.84530182906756e-31,"RBCK1",0.123,1.23295454545455,FALSE
"HEY1",1.00128781560462e-28,1.32782187083833,0.473,0.35,2.22235830673445e-24,"HEY1",0.123,1.34166666666667,FALSE
"DENND2A",7.27647424159379e-24,1.12286364332338,0.384,0.261,1.61501345792174e-19,"DENND2A",0.123,1.45387453874539,FALSE
"ZNF83",5.42724826180491e-30,1.48740870345819,0.488,0.366,1.2045777517076e-25,"ZNF83",0.122,1.32446808510638,FALSE
"EPS15",2.69607781972031e-15,0.393321320180836,0.537,0.416,5.98394472086922e-11,"EPS15",0.121,1.28403755868545,FALSE
"CLDN12",1.17645632930959e-28,1.25364603877065,0.616,0.495,2.61114482290263e-24,"CLDN12",0.121,1.23960396039604,FALSE
"QTRT1",2.66466961808225e-28,0.598805345181019,0.657,0.536,5.91423421733356e-24,"QTRT1",0.121,1.22161172161172,FALSE
"MAPT",3.45683720837174e-17,0.34922046241991,0.675,0.554,7.67245018398108e-13,"MAPT",0.121,1.2145390070922,FALSE
"CYP27A1",1.31220719822134e-24,1.21655560053106,0.271,0.151,2.91244387645226e-20,"CYP27A1",0.12,1.74534161490683,FALSE
"C1orf63",3.5368399777688e-25,1.13405058139515,0.474,0.354,7.85001633065786e-21,"C1orf63",0.12,1.32967032967033,FALSE
"COL4A2",2.47616574566039e-21,0.503813711012456,0.356,0.236,5.49584987249325e-17,"COL4A2",0.12,1.48780487804878,FALSE
"STYXL1",6.19111151940911e-21,0.823619366262059,0.426,0.306,1.37411720173285e-16,"STYXL1",0.12,1.37974683544304,FALSE
"MUM1",1.40252661838922e-20,0.426633924714931,0.705,0.585,3.11290782951487e-16,"MUM1",0.12,1.20168067226891,FALSE
"ARHGEF1",5.15437094634452e-20,0.729305399755511,0.523,0.403,1.14401263154117e-15,"ARHGEF1",0.12,1.29055690072639,FALSE
"OSBPL1A",1.45512750801142e-23,1.85985007241796,0.34,0.221,3.22965550403135e-19,"OSBPL1A",0.119,1.51515151515152,FALSE
"ACYP2",2.89920823304555e-26,1.49996626573951,0.456,0.337,6.43479267324459e-22,"ACYP2",0.119,1.34293948126801,FALSE
"NCOR2",2.35478973119466e-33,0.743608135497018,0.812,0.694,5.22645580838654e-29,"NCOR2",0.118,1.16761363636364,FALSE
"FASTK",4.22433350043132e-21,0.360109895751046,0.552,0.434,9.37590820420733e-17,"FASTK",0.118,1.26576576576577,FALSE
"ZNF460",2.17098200902349e-59,0.949834430081421,0.869,0.751,4.81849456902764e-55,"ZNF460",0.118,1.15505913272011,FALSE
"UNC13A",7.45446977078794e-22,0.698084217520425,0.397,0.279,1.65451956562638e-17,"UNC13A",0.118,1.4083044982699,FALSE
"U2AF1L4",8.00824218112069e-26,1.46651609691675,0.393,0.276,1.77742935209974e-21,"U2AF1L4",0.117,1.40909090909091,FALSE
"STAG3L4",2.12094121281199e-20,0.965833523971213,0.517,0.4,4.7074290218362e-16,"STAG3L4",0.117,1.28536585365854,FALSE
"C14orf159",2.26644177451655e-22,0.839099784460569,0.288,0.171,5.03036751853949e-18,"C14orf159",0.117,1.64640883977901,FALSE
"LIFR",4.90363744628622e-20,0.979658897657757,0.46,0.344,1.08836233120323e-15,"LIFR",0.116,1.32768361581921,FALSE
"CCDC144C",6.10666417563535e-21,1.02907738614298,0.449,0.333,1.35537411378227e-16,"CCDC144C",0.116,1.33819241982507,FALSE
"LNPEP",4.18747971780082e-19,1.00849892631092,0.391,0.275,9.29411123365893e-15,"LNPEP",0.116,1.40701754385965,FALSE
"RARRES2",7.26740395552368e-25,1.4864174586431,0.265,0.15,1.61300030792848e-20,"RARRES2",0.115,1.71875,FALSE
"GUCY1A2",5.45023536187244e-24,1.37737316449483,0.271,0.156,1.20967973856759e-19,"GUCY1A2",0.115,1.69277108433735,FALSE
"SLC8A1",4.16984187630259e-23,1.42599196726976,0.367,0.253,9.25496404445359e-19,"SLC8A1",0.114,1.43346007604563,FALSE
"NEU4",2.03186995966638e-18,0.540873204227546,0.304,0.19,4.50973537547954e-14,"NEU4",0.114,1.57,FALSE
"NDRG2",4.70495727194516e-34,1.38358981827743,0.685,0.572,1.04426526650823e-29,"NDRG2",0.113,1.19415807560137,FALSE
"ARHGEF6",2.93883433982376e-25,0.864877733378487,0.521,0.408,6.52274281723883e-21,"ARHGEF6",0.113,1.27033492822967,FALSE
"ARNTL",3.39606734786214e-24,1.58195130772401,0.263,0.15,7.53757147858002e-20,"ARNTL",0.113,1.70625,FALSE
"TLK1",3.78612392194815e-25,0.707317145513075,0.694,0.581,8.40330204476393e-21,"TLK1",0.113,1.1912013536379,FALSE
"KHDRBS3",3.53590300950196e-19,1.0118286443737,0.348,0.235,7.84793672958961e-15,"KHDRBS3",0.113,1.46122448979592,FALSE
"CLIC4",1.64675946934071e-54,1.42802486918868,0.762,0.65,3.6549826422017e-50,"CLIC4",0.112,1.16969696969697,FALSE
"MED12L",2.81568018218562e-22,1.40407379493964,0.411,0.299,6.24940216436099e-18,"MED12L",0.112,1.36245954692557,FALSE
"B3GALTL",5.74099167354198e-22,1.33902612226903,0.284,0.172,1.27421310194264e-17,"B3GALTL",0.112,1.61538461538462,FALSE
"CHN1",3.17552191730659e-21,1.07502579072921,0.447,0.335,7.04807089546197e-17,"CHN1",0.112,1.32463768115942,FALSE
"TMEM161B-AS1",5.17526659448703e-21,1.25091765926387,0.379,0.267,1.1486504206464e-16,"TMEM161B-AS1",0.112,1.4043321299639,FALSE
"BTBD17",6.46256040495092e-23,1.60619213651993,0.279,0.168,1.43436528187886e-18,"BTBD17",0.111,1.62359550561798,FALSE
"APLP1",1.77330649090657e-20,1.09175208315744,0.316,0.205,3.93585375656713e-16,"APLP1",0.111,1.51627906976744,FALSE
"FMNL3",6.170952991018e-31,1.03719346593902,0.653,0.542,1.36964301635645e-26,"FMNL3",0.111,1.20108695652174,FALSE
"ZNF680",8.89047242530675e-28,1.33935925512314,0.581,0.47,1.97324035479683e-23,"ZNF680",0.111,1.23125,FALSE
"TPCN1",5.34817588981184e-20,1.10626840773496,0.393,0.283,1.18702763874374e-15,"TPCN1",0.11,1.37542662116041,FALSE
"CLIP2",6.13198552766498e-24,0.70362551238527,0.745,0.635,1.36099418786524e-19,"CLIP2",0.11,1.17054263565891,FALSE
"LOC100128252",8.8487265083796e-24,0.722586394184622,0.585,0.475,1.96397484853485e-19,"LOC100128252",0.11,1.22680412371134,FALSE
"NXPH1",1.18728255078217e-21,1.44694753918541,0.391,0.281,2.63517362146103e-17,"NXPH1",0.11,1.37800687285223,FALSE
"NSUN5P2",2.47842814971976e-20,0.934298462515513,0.441,0.331,5.50087127830301e-16,"NSUN5P2",0.11,1.32258064516129,FALSE
"NEDD9",8.20209728704504e-19,1.07978109825281,0.438,0.328,1.82045549285965e-14,"NEDD9",0.11,1.32544378698225,FALSE
"ABCB8",8.94899314831329e-17,0.532983111153629,0.429,0.319,1.98622902926813e-12,"ABCB8",0.11,1.33434650455927,FALSE
"DLG2",2.33423939482572e-21,1.41842140671937,0.301,0.192,5.18084433681568e-17,"DLG2",0.109,1.53960396039604,FALSE
"PEPD",6.05962529696907e-28,1.07377406692825,0.542,0.434,1.34493383466228e-23,"PEPD",0.108,1.24324324324324,FALSE
"IQCE",2.68141220602039e-19,1.13878198021213,0.32,0.212,5.95139439126226e-15,"IQCE",0.108,1.48648648648649,FALSE
"SKAP2",6.42714313609605e-26,2.3133171234664,0.37,0.262,1.42650441905652e-21,"SKAP2",0.108,1.39705882352941,FALSE
"LINC00685",2.41526777867886e-21,1.04999695221737,0.366,0.258,5.36068683477772e-17,"LINC00685",0.108,1.40298507462687,FALSE
"TENM4",7.85932461156039e-21,1.45184155437167,0.37,0.262,1.74437709753583e-16,"TENM4",0.108,1.39705882352941,FALSE
"TMEM175",1.67478046417376e-19,0.721709258132398,0.506,0.398,3.71717524023366e-15,"TMEM175",0.108,1.26470588235294,FALSE
"ZNF800",1.19076261907256e-18,1.01832733680342,0.572,0.464,2.64289763303155e-14,"ZNF800",0.108,1.22784810126582,FALSE
"EHD2",6.72354330031936e-36,2.26566860142734,0.522,0.415,1.49229043550588e-31,"EHD2",0.107,1.25176470588235,FALSE
"CA2",2.64713563712629e-24,2.29346213190604,0.263,0.156,5.8753175466018e-20,"CA2",0.107,1.64457831325301,FALSE
"HLA-J",8.61437487676468e-32,1.00029488483751,0.487,0.38,1.91196050389792e-27,"HLA-J",0.107,1.27435897435897,FALSE
"ROBO1",1.16341038446275e-15,0.763182522883703,0.677,0.571,2.58218934831507e-11,"ROBO1",0.106,1.18244406196213,FALSE
"C7orf49",8.34153928180163e-20,0.859426231323144,0.542,0.436,1.85140464359587e-15,"C7orf49",0.106,1.23766816143498,FALSE
"TFRC",1.90442380707216e-33,1.13326907112465,0.714,0.608,4.22686863979666e-29,"TFRC",0.106,1.17152103559871,FALSE
"PMS2P5",2.02087726210346e-25,0.805852129380211,0.667,0.561,4.48533708323863e-21,"PMS2P5",0.106,1.18563922942207,FALSE
"LSS",2.70315337296241e-18,0.755938123658901,0.491,0.385,5.99964891129007e-14,"LSS",0.106,1.26835443037975,FALSE
"GNG7",2.86818088550819e-25,1.07000377574637,0.564,0.458,6.36592747538543e-21,"GNG7",0.106,1.22649572649573,FALSE
"PEX1",2.20207005819601e-23,1.12261349195249,0.54,0.435,4.88749449416604e-19,"PEX1",0.105,1.23595505617978,FALSE
"CCDC130",1.35271279092536e-20,0.736620686622311,0.537,0.432,3.00234603945883e-16,"CCDC130",0.105,1.23755656108597,FALSE
"PDE4DIP",1.63574855044034e-40,1.13198124792605,0.769,0.664,3.63054390770234e-36,"PDE4DIP",0.105,1.15578635014837,FALSE
"S100A6",9.27150403957838e-33,1.3189093689585,0.652,0.547,2.05781032158442e-28,"S100A6",0.105,1.18850987432675,FALSE
"TMOD1",4.18874218552599e-19,1.01750890927616,0.427,0.322,9.29691328077494e-15,"TMOD1",0.105,1.31626506024096,FALSE
"TRIP6",3.79911511633967e-15,0.408796435810509,0.329,0.225,8.4321360007159e-11,"TRIP6",0.104,1.44255319148936,FALSE
"ABCA5",2.45371941445688e-22,1.18453055988354,0.37,0.266,5.44603024038704e-18,"ABCA5",0.104,1.3768115942029,FALSE
"LOC285758",9.6400059239003e-27,3.6594846923709,0.278,0.175,2.13959931480967e-22,"LOC285758",0.103,1.55675675675676,FALSE
"ZNF217",6.01886457594163e-18,1.11737726743798,0.276,0.173,1.33588699263024e-13,"ZNF217",0.103,1.56284153005464,FALSE
"TTYH2",5.57918303216953e-20,1.18743187614473,0.258,0.155,1.23829967399003e-15,"TTYH2",0.103,1.62424242424242,FALSE
"PCDHB14",7.06100784927355e-20,1.12765921114098,0.265,0.162,1.56719069214627e-15,"PCDHB14",0.103,1.59883720930233,FALSE
"ZSCAN25",8.81681552442029e-16,0.619218864091969,0.456,0.354,1.95689220564508e-11,"ZSCAN25",0.102,1.28021978021978,FALSE
"PLA2G16",6.85107917504387e-17,0.822539198190976,0.313,0.211,1.52059702290099e-12,"PLA2G16",0.102,1.46153846153846,FALSE
"STAG3L2",5.65802848412453e-36,0.932002163998372,0.731,0.629,1.25579942205144e-31,"STAG3L2",0.102,1.15962441314554,FALSE
"TRIL",5.00251034399283e-17,0.800808316573187,0.364,0.262,1.11030717084921e-12,"TRIL",0.102,1.375,FALSE
"ASCL1",7.83786986446813e-17,0.734534072536243,0.574,0.472,1.7396152164187e-12,"ASCL1",0.102,1.21161825726141,FALSE
"TMEM176B",6.68667652619835e-19,1.15466209386085,0.259,0.158,1.48410785498972e-14,"TMEM176B",0.101,1.60119047619048,FALSE
"BTG2",1.03525324321486e-28,1.25091607358967,0.62,0.519,2.29774457331537e-24,"BTG2",0.101,1.19092627599244,FALSE
"NRXN1",1.17460302993828e-14,0.431949195107658,0.611,0.51,2.60703142494801e-10,"NRXN1",0.101,1.19423076923077,FALSE
"PMP22",1.35488289104933e-19,0.868583528896815,0.512,0.412,3.00716257668399e-15,"PMP22",0.1,1.23696682464455,FALSE
