"PC","Positive_Gene","Positive_Loading","Negative_Gene","Negative_Loading"
"PC1","STMN1",0.0854415949822833,"CLU",-0.105416019988147
"PC1","TMSB15A",0.0781622715532874,"VIM",-0.0974822919938076
"PC1","TAGLN3",0.0753494428554751,"LGALS3",-0.089979134625127
"PC1","MLLT11",0.0739280392323086,"SPARC",-0.0887722300740343
"PC1","LPPR1",0.0711385060719981,"ANXA1",-0.0878543629423613
"PC1","CD24",0.0701379525059524,"CD99",-0.0871530734432155
"PC1","TUBB",0.0651997148507346,"PMP22",-0.0856537362702113
"PC1","FXYD6",0.0651553182114559,"IFITM3",-0.0854186353610611
"PC1","TUBB3",0.0634002560600771,"S100A16",-0.0851576274433407
"PC1","STMN2",0.0631721127505306,"TIMP1",-0.0850575543179029
"PC1","PFN2",0.061241194443065,"C1R",-0.0839247247296704
"PC1","PDGFRA",0.059347489749068,"AQP4",-0.0830523249265317
"PC1","UBE2T",0.0582200798470044,"CST3",-0.0823255120558222
"PC1","NNAT",0.0572086482675761,"MT2A",-0.0823173877607268
"PC1","LHFPL3",0.0568614463929343,"HLA-C",-0.0810318021412654
"PC1","NKAIN4",0.0568132093026152,"HLA-B",-0.0787391578078503
"PC1","TMEFF2",0.0566752337158792,"SLC1A3",-0.0784357466443427
"PC1","TUBA1A",0.0564231885419116,"ZFP36",-0.0766492652235532
"PC1","ELAVL4",0.0560849662468243,"S100A10",-0.0764756715766455
"PC1","CNTN1",0.0549066326474353,"CD44",-0.0756988668401102
"PC1","TOP2A",0.0545538055720137,"METTL7B",-0.0735670224060792
"PC1","HMP19",0.0544241903098965,"ANXA2",-0.0732161632567571
"PC1","RBP1",0.0533385411628239,"SEPP1",-0.0731717320431112
"PC1","BIRC5",0.053113576524536,"HEPN1",-0.0723348501271737
"PC1","BEX1",0.0529270152345533,"MT3",-0.0719920643330504
"PC1","MLF1IP",0.0526990087285855,"C1S",-0.071563745005217
"PC1","MAD2L1",0.0518542700529695,"CD63",-0.0691738106431373
"PC1","PAK3",0.0515578572380342,"S100A11",-0.0686809052809442
"PC1","UBE2C",0.0504791923013073,"CHI3L1",-0.0675429883110899
"PC1","ZWINT",0.0502296113195793,"B2M",-0.0673360978712639
"PC2","HMP19",0.0507229150881972,"TOP2A",-0.130997225513544
"PC2","STMN2",0.0477275363831929,"PBK",-0.127676403361888
"PC2","DLX6-AS1",0.0464193961040996,"TPX2",-0.127158898752685
"PC2","DLX5",0.0427109664064952,"NUSAP1",-0.12678388454638
"PC2","CD24",0.0422304554343251,"UBE2C",-0.125386397083425
"PC2","ELAVL4",0.0391398714265463,"NUF2",-0.124323457770477
"PC2","LINC00599",0.0356583120084579,"FAM64A",-0.123476376330001
"PC2","LOC150568",0.0351751967187851,"TACC3",-0.122524082139414
"PC2","DLX6",0.0341341328857288,"BIRC5",-0.122409681923089
"PC2","TUBB3",0.0339051909568919,"KIF2C",-0.12235512905831
"PC2","MEG3",0.0334766418636946,"CDK1",-0.121964357328818
"PC2","DYNC1I1",0.0323663554888662,"AURKB",-0.120663652335353
"PC2","ST18",0.0317056384874793,"BUB1B",-0.118964781159074
"PC2","PAK3",0.0315445606117346,"PRC1",-0.116698054331699
"PC2","RND3",0.0307188112599814,"NDC80",-0.115456130661294
"PC2","DLX1",0.0286382329802491,"KIF23",-0.114788031512862
"PC2","ACTL6B",0.0266177020431203,"MELK",-0.114067745875542
"PC2","INA",0.0265474465471677,"CCNA2",-0.113828659302605
"PC2","SCG5",0.0262660934834824,"CCNB2",-0.113422379693212
"PC2","TAGLN3",0.0260939733335389,"CKAP2L",-0.112297635241178
"PC2","BEX2",0.0254631867732827,"CDCA8",-0.111938112361853
"PC2","MIR7-3HG",0.025425345167999,"BUB1",-0.111106002438207
"PC2","CHGB",0.0245423568685469,"UBE2T",-0.110866425412066
"PC2","NNAT",0.0240821700525102,"TROAP",-0.110818579706983
"PC2","DUSP26",0.0237765918803382,"DLGAP5",-0.110309162154208
"PC2","CD200",0.0235925632261069,"CCNB1",-0.10984661931308
"PC2","GPD1",0.0230895430109436,"CDKN3",-0.108840103924867
"PC2","NHLH1",0.0227322353225013,"CDCA5",-0.108721867387682
"PC2","KLRC2",0.0221324867489565,"MAD2L1",-0.108129155465616
"PC2","BEX4",0.0221237255235696,"TYMS",-0.107742045259454
"PC3","CHD5",0.151000163870154,"EGFR",-0.0789080437027387
"PC3","LOXL4",0.14958646616331,"HOPX",-0.0733183749233398
"PC3","SYT8",0.148967773870648,"SEC61G",-0.0695140441938752
"PC3","COL3A1",0.14551930241027,"MT3",-0.0630153807633664
"PC3","COL1A1",0.141939384668058,"GATM",-0.0629942589590723
"PC3","COL21A1",0.141176786517555,"MT2A",-0.0628589386760312
"PC3","TNNI2",0.139934983089259,"CD9",-0.0595235043485441
"PC3","IGF2",0.138302157931412,"AGT",-0.055773904614062
"PC3","GATA2",0.134839665217916,"BST2",-0.0553036404718504
"PC3","CRLF1",0.134471722847136,"RAMP1",-0.0547568441260821
"PC3","ZNF423",0.13347949276209,"MEOX2",-0.0541364157623859
"PC3","GFRA2",0.13045670327067,"DBI",-0.0501146134677169
"PC3","GPC3",0.124835881781628,"CPNE4",-0.0482241673354458
"PC3","SLC7A3",0.124765453205902,"TAGLN2",-0.0478103231041384
"PC3","CFH",0.124298540637068,"FABP7",-0.047012931011883
"PC3","HPGD",0.120410701885281,"METTL7B",-0.0465373165721315
"PC3","MACROD1",0.11973423653091,"SOCS2",-0.0454952374611863
"PC3","SLITRK6",0.119440149313822,"HEPN1",-0.0425140429172841
"PC3","C2orf40",0.11733439378501,"PKIB",-0.0423054082182625
"PC3","APCDD1L",0.114780457833922,"HLA-B",-0.0419279824818214
"PC3","CP",0.112472079508713,"FXYD6",-0.0414348696032248
"PC3","INS-IGF2",0.111868750397363,"NOS2",-0.0408036303575142
"PC3","PDGFRB",0.11146210450821,"CD99",-0.0406530009893289
"PC3","C14orf180",0.108302302404565,"ANXA5",-0.0396432007352667
"PC3","AKR1C3",0.106609325844405,"BCAN",-0.0396281528739092
"PC3","CALB1",0.103375075138591,"RAB34",-0.0392946108460367
"PC3","LSP1",0.101291619067955,"TSTD1",-0.0388667750598012
"PC3","HGF",0.100016978003712,"CPVL",-0.0377163737563994
"PC3","MGP",0.0988816622568452,"SRPX",-0.0376327612462044
"PC3","GLT8D2",0.0972295064874466,"LGALS3",-0.0375223160321602
"PC4","CA9",0.0969275964789975,"BCAN",-0.162869017083155
"PC4","PTPRN",0.0908148063107336,"S100B",-0.13707223481496
"PC4","C3",0.0894043182739518,"DBI",-0.134952856510322
"PC4","SPOCD1",0.0873531209687459,"PTN",-0.101814971748073
"PC4","SERPINE1",0.0867575220235902,"SCRG1",-0.100645710990884
"PC4","TREM1",0.0855650472428102,"CST3",-0.0988576273338811
"PC4","CHI3L1",0.0853899842891133,"FABP7",-0.0983637100862926
"PC4","PCSK1",0.0845610884107901,"PMP2",-0.0924421681392085
"PC4","ERO1L",0.0823169979514985,"GATM",-0.0905728108861045
"PC4","HILPDA",0.0807399478942884,"CNTN1",-0.0867215856391039
"PC4","NUPR1",0.080567396385734,"LHFPL3",-0.0847202443536758
"PC4","ANGPTL4",0.0791921698774465,"PLLP",-0.0826577842291865
"PC4","CHI3L2",0.0784105196115403,"CKB",-0.0795658245964197
"PC4","ADM",0.0780457538169857,"PDGFRA",-0.0775430776968797
"PC4","RND3",0.0778422550644336,"ATP1A2",-0.0761904234173121
"PC4","DLX5",0.0761471571989313,"HOPX",-0.0734056618253898
"PC4","CAV1",0.0737976754973948,"NDRG2",-0.0723509368325625
"PC4","LOX",0.0736736226987103,"FXYD6",-0.0661631182551949
"PC4","CLEC2B",0.072780288354647,"NKAIN4",-0.0652071227310958
"PC4","DLX6-AS1",0.0722881516932853,"HEPN1",-0.0645848445677818
"PC4","RASD1",0.0712883306190506,"PON2",-0.0645500086082074
"PC4","PLP2",0.0699979792707483,"TSPAN7",-0.0634244469268994
"PC4","CLCF1",0.069700884864551,"NEU4",-0.0631789264587398
"PC4","GPRC5A",0.0683559210956562,"MT3",-0.0621744369724903
"PC4","CD44",0.0675367797711743,"AQP4",-0.0611114918598442
"PC4","A2M",0.06739980269241,"SLC1A3",-0.0610250674047172
"PC4","TGM2",0.0662696287825611,"PLAT",-0.0600334421805019
"PC4","DLX6",0.0660053059307918,"CCND1",-0.058281017206066
"PC4","DDIT3",0.0658122716628265,"APOD",-0.0581804509923104
"PC4","EGLN3",0.0655675052130132,"IFI6",-0.0580202685523514
"PC5","RTN1",0.144002221584056,"EGFR",-0.105076779924708
"PC5","CTHRC1",0.140574220755382,"LMO3",-0.0882299255312681
"PC5","PLAT",0.122087187321477,"ELAVL4",-0.073678987234364
"PC5","FHL2",0.110277053192365,"MFNG",-0.0645273369191489
"PC5","GAP43",0.110208923656562,"HEPN1",-0.0619304898885892
"PC5","NEFL",0.103968265029367,"LINC00689",-0.0589776390926172
"PC5","FBLN2",0.102240173881251,"BTG2",-0.0561236014437106
"PC5","NEFM",0.0996467001587226,"SEPP1",-0.0556725367464972
"PC5","PHLDA2",0.099378428108611,"EFEMP1",-0.0509756509402547
"PC5","OTX2",0.0968363786084773,"DLL1",-0.0509198581902998
"PC5","ST6GALNAC5",0.0967126401878051,"MEOX2",-0.0496370482230389
"PC5","CACNG5",0.0964491819224528,"PCSK2",-0.049278247642536
"PC5","IER3",0.0961474608962227,"LRRC17",-0.0486802784104098
"PC5","PLIN2",0.0953112678998493,"HSPA1B",-0.0479376783130214
"PC5","SDC2",0.0951482028953689,"CHST9",-0.0473485483023132
"PC5","HCG22",0.0932154309130408,"MFAP4",-0.0463616102162756
"PC5","NPY5R",0.0901501552194019,"GADD45G",-0.0453339968885358
"PC5","SPP1",0.0889155082003708,"DYNC1I1",-0.0449512033615805
"PC5","MET",0.0886265006535667,"AQP4",-0.0449408633639635
"PC5","A2M",0.0876714794903974,"COL21A1",-0.0439253214889596
"PC5","GSN",0.0871541916847661,"PRMT8",-0.042086740172494
"PC5","ECEL1",0.0855648936619547,"DLX5",-0.0409827331149896
"PC5","CXCL14",0.0850817981283673,"GATA2",-0.0406779340159398
"PC5","TUBB6",0.0844853095671902,"NEUROD1",-0.0406390982501372
"PC5","COL9A1",0.0843762760125475,"RGS16",-0.0401345474442987
"PC5","MYBPC1",0.0841993588287474,"PITX2",-0.0397314907235798
"PC5","STEAP1B",0.0840185489799967,"CLU",-0.0392921035101284
"PC5","ISLR",0.0836680392907802,"TMEM161B-AS1",-0.0388397126916581
"PC5","TM4SF1",0.0793251645579059,"TFPI",-0.038243707874858
"PC5","LOC440040",0.0791761481928014,"MIR568",-0.0382121087610735
"PC6","DLX1",0.149602217236816,"APOD",-0.0963755022413856
"PC6","TMSB4X",0.126566985813933,"CNTN1",-0.0953920860942332
"PC6","MOXD1",0.123200449863387,"CAV1",-0.0939312012175847
"PC6","TUBA1A",0.112246620206642,"PDGFRA",-0.0821032471174575
"PC6","ST6GALNAC5",0.111150244982632,"COL9A1",-0.0797572166503275
"PC6","RND3",0.108988836493772,"TREM1",-0.0779079230854029
"PC6","ECEL1",0.108801896592818,"LPPR1",-0.0773907129053311
"PC6","MYBPC1",0.106456189288376,"GPR17",-0.0751064410605523
"PC6","COL1A2",0.106292817866219,"PLLP",-0.0731816381244124
"PC6","TUBB2A",0.105559994221916,"H19",-0.0730484812554638
"PC6","DLX5",0.105417035116155,"MET",-0.0713053037230089
"PC6","STMN1",0.102092312676143,"SNAR-B2",-0.0707968883370376
"PC6","HCG22",0.102037382218531,"SNAR-B1",-0.0707968883370376
"PC6","DLX6-AS1",0.10175562396974,"LHFPL3",-0.0680748675014843
"PC6","MEST",0.0994615521610862,"C3",-0.06736062440234
"PC6","NPNT",0.0954587928919469,"TMEM45A",-0.0673514090751869
"PC6","DLX6",0.0911891850975066,"EGLN3",-0.0665027697502817
"PC6","TUBB",0.0892905640688216,"CA9",-0.0659080409444863
"PC6","ID3",0.0857996943972288,"PPAPDC1A",-0.0658018336812036
"PC6","SLC10A4",0.0838382038759783,"NKAIN4",-0.0646174487547979
"PC6","DYNC1I1",0.0833160407905101,"ADM",-0.063981807660285
"PC6","ISLR",0.0829032066491756,"ANGPTL4",-0.0635637860142229
"PC6","FBLN2",0.0818856446154037,"ERO1L",-0.0635461271196262
"PC6","TUBB3",0.0793780353873921,"CHI3L2",-0.0609199654456296
"PC6","IER3",0.0781575582702168,"BCAN",-0.0603052972605828
"PC6","SDC2",0.0779728914015656,"CHI3L1",-0.0601607844590848
"PC6","CACNG5",0.077862348638274,"SLPI",-0.0592680677708699
"PC6","ST18",0.0724261072730607,"ITM2A",-0.0587365494350009
"PC6","ELAVL4",0.0722544556873075,"MIR4461",-0.0574628289950722
"PC6","NPY5R",0.0719498766629255,"HILPDA",-0.0569237230786443
"PC7","ST6GALNAC5",0.0722675982997747,"UCHL1",-0.109472782037689
"PC7","FBLN2",0.0683535871802815,"TCEAL2",-0.0916499126415483
"PC7","ECEL1",0.061867451549934,"TSPAN7",-0.0851454355752232
"PC7","COL1A2",0.061701442456106,"FABP5",-0.0804332903742258
"PC7","ISLR",0.0591659394731164,"SNAP25",-0.0754387222792225
"PC7","NPY",0.059028965791412,"PLP1",-0.074296763106516
"PC7","HCG22",0.0570842584815544,"PFN2",-0.0715875139583226
"PC7","MYBPC1",0.0558527672773821,"ALDOC",-0.0701038733763198
"PC7","KIF20A",0.0541974327514158,"APOD",-0.0695782787401251
"PC7","DLGAP5",0.0504628984125239,"LINC00689",-0.0693872788405745
"PC7","PLK1",0.0499458160099261,"CD24",-0.0692995296996759
"PC7","CACNG5",0.0494667924231984,"BEX2",-0.0688557144176028
"PC7","CDCA3",0.0487582570847682,"PGRMC1",-0.0675807127102498
"PC7","HNRNPA1P10",0.0483903450107244,"ENOPH1",-0.066472638656191
"PC7","CFI",0.0478130513708537,"RAMP1",-0.0662486711348471
"PC7","STRA6",0.0470502271427663,"SCG5",-0.064784631322125
"PC7","NPNT",0.0460730643165416,"LPL",-0.0642909792036779
"PC7","SNAR-B1",0.045713253796728,"KLRC2",-0.0639571116755382
"PC7","SNAR-B2",0.0457132537967277,"LYRM5",-0.0628992445383126
"PC7","NPY5R",0.0422384247908882,"PIR",-0.0626152181339122
"PC7","CXCL14",0.0420517272047918,"HLA-B",-0.0625639587552157
"PC7","TROAP",0.0416958848144739,"MAOB",-0.0623187442445536
"PC7","CDC20",0.0408490077472824,"BEX1",-0.0619190282532405
"PC7","IER3",0.0403741092819987,"CA10",-0.0613643773394672
"PC7","CCNB2",0.0402033351895967,"PMP2",-0.0611305494230023
"PC7","AURKA",0.0394927464269632,"BBOX1",-0.0609729820774182
"PC7","LGALS1",0.0394303802133599,"MX1",-0.0608062996359719
"PC7","SLC10A4",0.0393373123816578,"KLF10",-0.060623208707648
"PC7","CDC25C",0.0381770738384854,"CHGB",-0.0604092244728034
"PC7","FAM64A",0.0378650410058312,"TCEAL7",-0.0602365618641521
"PC8","DLX5",0.0869303531141741,"HHIP",-0.181877920402729
"PC8","STMN2",0.0825981114740393,"RGN",-0.153164595346658
"PC8","TUBB2A",0.0819629840720621,"INPP5D",-0.148339408585933
"PC8","HMP19",0.0817095764406423,"PRMT8",-0.147804518874286
"PC8","DLX6-AS1",0.0814989411648133,"LINC00645",-0.120344897908898
"PC8","OCIAD2",0.0791961965716927,"FGF10",-0.108747254017411
"PC8","POSTN",0.0756446100836531,"GSTM1",-0.107975857568349
"PC8","TMSB4X",0.0754872863826815,"MAOB",-0.106113394882902
"PC8","DYNC1I1",0.070806652275111,"MFNG",-0.105747852650131
"PC8","GAP43",0.0695608075123705,"CHST9",-0.102395143521568
"PC8","DLX6",0.0679387623106347,"RARRES2",-0.0984147553250305
"PC8","CPNE4",0.0674628919821004,"THBS1",-0.0961312205951913
"PC8","ANXA5",0.0630836484450582,"NDP",-0.0960406597606056
"PC8","HLA-C",0.0621194492236742,"MSTN",-0.0958813046864628
"PC8","LDHA",0.0601136686495444,"ZNF560",-0.0887060283969809
"PC8","ARL4D",0.0596555786011877,"NUDT10",-0.0866025322259312
"PC8","TMEM161B-AS1",0.0573400271196456,"ZNF630",-0.0864840247343117
"PC8","GBP1",0.0573136233830617,"EFHD1",-0.0852583343856854
"PC8","SOCS2",0.0568728766478594,"LINC00689",-0.0834085522591793
"PC8","ST18",0.0550743628711541,"MYBPC1",-0.0828687384699081
"PC8","SPINT2",0.0532293159465243,"ID3",-0.0823323546800462
"PC8","HLA-B",0.0519533316215188,"PIR",-0.0804880921053191
"PC8","CHRNA1",0.0516808027804451,"FABP5",-0.0803651086124123
"PC8","CYSTM1",0.0508632200076701,"PITX2",-0.077564675530795
"PC8","TSTD1",0.0501596282279461,"PDK4",-0.0770910933728305
"PC8","NEUROD1",0.0501123940187173,"PON2",-0.0763624328348571
"PC8","SEC61G",0.0495224158128921,"STEAP1B",-0.0757017323379987
"PC8","PKIB",0.0494117987282761,"PIRT",-0.0725242035770774
"PC8","HOPX",0.0490111863913896,"HEPN1",-0.0722019245945894
"PC8","ISG15",0.0485873584528901,"RPS4Y1",-0.0684131625110303
"PC9","HLA-DRA",0.134686363635359,"FXYD5",-0.0900687674017973
"PC9","CD74",0.117470842484861,"IGFBP3",-0.0873117620143028
"PC9","SERPING1",0.114575129447975,"CLIC1",-0.0853928111460183
"PC9","HLA-DRB1",0.11297530640752,"TNFRSF12A",-0.0843337993849635
"PC9","IFI44L",0.104291244653189,"SOCS2",-0.0840253075808162
"PC9","RARRES3",0.103261680075667,"VIM",-0.0767726148690409
"PC9","C3",0.0970876046541736,"NOS2",-0.0728755047616558
"PC9","GBP1",0.0945779300125203,"ADM",-0.0723939088986156
"PC9","ID3",0.0890389914446892,"PCNA",-0.0702069787260966
"PC9","IFITM1",0.0874780723970396,"RPS4Y1",-0.0693287282387086
"PC9","C1R",0.0855794498829397,"NAA20",-0.0687085114536797
"PC9","IFI6",0.0844177399668201,"CPNE4",-0.0669822351744463
"PC9","C1S",0.0830403592573789,"LOC440040",-0.0658762259147487
"PC9","BST2",0.0822473889908883,"SEC61G",-0.0650569199521896
"PC9","HLA-DPA1",0.0805446395449741,"PLP2",-0.064673010300445
"PC9","GBP3",0.080312156133272,"TRIB3",-0.0613551186683032
"PC9","GFAP",0.0791446413414559,"TAGLN2",-0.0612610851346396
"PC9","SCRG1",0.078650410968869,"GINS2",-0.0609238163057242
"PC9","CHI3L1",0.0785749011630018,"ABHD3",-0.0608242360166746
"PC9","FXYD6",0.0772125111639572,"FOLH1",-0.0591755652216804
"PC9","IFI27",0.0767673932234487,"DDIT3",-0.0580259119533004
"PC9","NKAIN4",0.0759257228465614,"MGARP",-0.0550440285083264
"PC9","OAS1",0.0727817012066001,"BNIP3",-0.0545501913538312
"PC9","BGN",0.0704393097503905,"ERO1L",-0.0545326022513665
"PC9","ISG15",0.0685231928588242,"RAB34",-0.0540050286877023
"PC9","KIF20A",0.0669020538927216,"PRDX4",-0.052676247161691
"PC9","HSPB8",0.0665060152970656,"CD63",-0.0510159506177373
"PC9","CHI3L2",0.0665035844262911,"CPVL",-0.0506163549959011
"PC9","CRYAB",0.0654270562903283,"CHST8",-0.0501452827661957
"PC9","CXCL14",0.0641883546104491,"TRIM48",-0.0498228401620792
"PC10","FOS",0.170317693158649,"PRAME",-0.156179236664537
"PC10","JUNB",0.128911098115421,"PVRL4",-0.122381938474053
"PC10","EGR1",0.125482423680164,"LINC00707",-0.100708854368471
"PC10","DNAJB1",0.116627931560883,"LOC650226",-0.0950576013009207
"PC10","DDIT3",0.113409356904822,"SNAR-B2",-0.0884137556928969
"PC10","HSPA1B",0.110509091539178,"SNAR-B1",-0.0884137556928967
"PC10","ZFP36",0.102243464489424,"RGS8",-0.0874641991571968
"PC10","ATF3",0.0953156881305867,"EFEMP1",-0.0855420138582702
"PC10","HSPA1A",0.0943547398730214,"PDLIM1",-0.0814767395324041
"PC10","MEG3",0.0916667687469087,"C10orf35",-0.0776371317595717
"PC10","GADD45B",0.0896393623211696,"GINS2",-0.0775618738035858
"PC10","DUSP1",0.0891500505073029,"HLA-DRA",-0.0734788908751255
"PC10","SERTAD1",0.0858767278573293,"MIR4461",-0.0725144320587713
"PC10","KLF10",0.0762436793478326,"PCNA",-0.0716116657644254
"PC10","CA10",0.0752363472166216,"CD74",-0.0707038660337077
"PC10","EGR2",0.0715290589385401,"HLA-DPA1",-0.0687006942064021
"PC10","RPS4Y1",0.06850792797698,"SNAR-G1",-0.0658078979456386
"PC10","PMP2",0.0668322615136614,"HCP5",-0.0657285207955585
"PC10","DNAJB4",0.0662936666107197,"TMEM106C",-0.0641717431900956
"PC10","CD24",0.0642925141518352,"PPA1",-0.0640200305007596
"PC10","NDRG2",0.0636995289012536,"HLA-DRB1",-0.0638616113551229
"PC10","PTGDS",0.0633980705099865,"CAPG",-0.0618469077565843
"PC10","LHFPL3",0.0630090678455553,"MAGEA6",-0.0617990767403458
"PC10","BTG2",0.0628034199070717,"CDC45",-0.0614857178596459
"PC10","MEST",0.0623120110999595,"MFAP2",-0.0614804793630912
"PC10","LOC100506844",0.061376589297352,"LOC284648",-0.0613191616310127
"PC10","CDH19",0.0602584539362798,"RARRES3",-0.0612535299861809
"PC10","OMG",0.0600217683449739,"MAGEA3",-0.0603861601724428
"PC10","CYR61",0.0596218033587609,"MAGEA12",-0.0599680876294726
"PC10","FABP7",0.0593522401186971,"PRIM1",-0.0575698389839885
